ID,duration,wav,start,stop,spk_id,label
S03_03a02Fc_1,1.0,/Users/adityakumar/Developer/Projects/mini_project/output/S03_03a02Fc_1.wav,0,16000,S03,0
S03_03a02Fc_2,1.0,/Users/adityakumar/Developer/Projects/mini_project/output/S03_03a02Fc_2.wav,0,16000,S03,0
S03_03a02Wb_1,1.06,/Users/adityakumar/Developer/Projects/mini_project/output/S03_03a02Wb_1.wav,0,16960,S03,2
S03_03a02Wb_2,1.06,/Users/adityakumar/Developer/Projects/mini_project/output/S03_03a02Wb_2.wav,0,16960,S03,2
S03_03a04Ta_1,1.03,/Users/adityakumar/Developer/Projects/mini_project/output/S03_03a04Ta_1.wav,0,16480,S03,6
S03_03a04Ta_2,1.03,/Users/adityakumar/Developer/Projects/mini_project/output/S03_03a04Ta_2.wav,0,16480,S03,6
S03_03a04Wc_1,1.02,/Users/adityakumar/Developer/Projects/mini_project/output/S03_03a04Wc_1.wav,0,16320,S03,2
S03_03a04Wc_2,1.02,/Users/adityakumar/Developer/Projects/mini_project/output/S03_03a04Wc_2.wav,0,16320,S03,2
S03_03a05Aa_1,1.54,/Users/adityakumar/Developer/Projects/mini_project/output/S03_03a05Aa_1.wav,0,24640,S03,3
S03_03a05Aa_2,1.54,/Users/adityakumar/Developer/Projects/mini_project/output/S03_03a05Aa_2.wav,0,24640,S03,3
S03_03a05Fc_1,1.6,/Users/adityakumar/Developer/Projects/mini_project/output/S03_03a05Fc_1.wav,0,25600,S03,0
S03_03a05Fc_2,1.6,/Users/adityakumar/Developer/Projects/mini_project/output/S03_03a05Fc_2.wav,0,25600,S03,0
S03_03a05Nd_1,1.58,/Users/adityakumar/Developer/Projects/mini_project/output/S03_03a05Nd_1.wav,0,25280,S03,1
S03_03a05Nd_2,1.58,/Users/adityakumar/Developer/Projects/mini_project/output/S03_03a05Nd_2.wav,0,25280,S03,1
S03_03a05Tc_1,1.75,/Users/adityakumar/Developer/Projects/mini_project/output/S03_03a05Tc_1.wav,0,28000,S03,6
S03_03a05Tc_2,1.75,/Users/adityakumar/Developer/Projects/mini_project/output/S03_03a05Tc_2.wav,0,28000,S03,6
S03_03a05Wa_1,1.72,/Users/adityakumar/Developer/Projects/mini_project/output/S03_03a05Wa_1.wav,0,27520,S03,2
S03_03a05Wa_2,1.72,/Users/adityakumar/Developer/Projects/mini_project/output/S03_03a05Wa_2.wav,0,27520,S03,2
S03_03a05Wb_1,1.48,/Users/adityakumar/Developer/Projects/mini_project/output/S03_03a05Wb_1.wav,0,23680,S03,2
S03_03a05Wb_2,1.48,/Users/adityakumar/Developer/Projects/mini_project/output/S03_03a05Wb_2.wav,0,23680,S03,2
S03_03a07Fa_1,1.07,/Users/adityakumar/Developer/Projects/mini_project/output/S03_03a07Fa_1.wav,0,17120,S03,0
S03_03a07Fa_2,1.07,/Users/adityakumar/Developer/Projects/mini_project/output/S03_03a07Fa_2.wav,0,17120,S03,0
S03_03a07Fb_1,1.22,/Users/adityakumar/Developer/Projects/mini_project/output/S03_03a07Fb_1.wav,0,19520,S03,0
S03_03a07Fb_2,1.22,/Users/adityakumar/Developer/Projects/mini_project/output/S03_03a07Fb_2.wav,0,19520,S03,0
S03_03a07La_1,1.2,/Users/adityakumar/Developer/Projects/mini_project/output/S03_03a07La_1.wav,0,19200,S03,4
S03_03a07La_2,1.2,/Users/adityakumar/Developer/Projects/mini_project/output/S03_03a07La_2.wav,0,19200,S03,4
S03_03a07Wc_1,1.04,/Users/adityakumar/Developer/Projects/mini_project/output/S03_03a07Wc_1.wav,0,16640,S03,2
S03_03a07Wc_2,1.04,/Users/adityakumar/Developer/Projects/mini_project/output/S03_03a07Wc_2.wav,0,16640,S03,2
S03_03b01Fa_1,1.18,/Users/adityakumar/Developer/Projects/mini_project/output/S03_03b01Fa_1.wav,0,18880,S03,0
S03_03b01Fa_2,1.18,/Users/adityakumar/Developer/Projects/mini_project/output/S03_03b01Fa_2.wav,0,18880,S03,0
S03_03b01Lb_1,1.44,/Users/adityakumar/Developer/Projects/mini_project/output/S03_03b01Lb_1.wav,0,23040,S03,4
S03_03b01Lb_2,1.44,/Users/adityakumar/Developer/Projects/mini_project/output/S03_03b01Lb_2.wav,0,23040,S03,4
S03_03b01Nb_1,1.19,/Users/adityakumar/Developer/Projects/mini_project/output/S03_03b01Nb_1.wav,0,19040,S03,1
S03_03b01Nb_2,1.19,/Users/adityakumar/Developer/Projects/mini_project/output/S03_03b01Nb_2.wav,0,19040,S03,1
S03_03b01Td_1,1.7,/Users/adityakumar/Developer/Projects/mini_project/output/S03_03b01Td_1.wav,0,27200,S03,6
S03_03b01Td_2,1.7,/Users/adityakumar/Developer/Projects/mini_project/output/S03_03b01Td_2.wav,0,27200,S03,6
S03_03b01Wa_1,1.09,/Users/adityakumar/Developer/Projects/mini_project/output/S03_03b01Wa_1.wav,0,17440,S03,2
S03_03b01Wa_2,1.09,/Users/adityakumar/Developer/Projects/mini_project/output/S03_03b01Wa_2.wav,0,17440,S03,2
S03_03b01Wc_1,1.46,/Users/adityakumar/Developer/Projects/mini_project/output/S03_03b01Wc_1.wav,0,23360,S03,2
S03_03b01Wc_2,1.46,/Users/adityakumar/Developer/Projects/mini_project/output/S03_03b01Wc_2.wav,0,23360,S03,2
S03_03b02Aa_1,1.54,/Users/adityakumar/Developer/Projects/mini_project/output/S03_03b02Aa_1.wav,0,24640,S03,3
S03_03b02Aa_2,1.54,/Users/adityakumar/Developer/Projects/mini_project/output/S03_03b02Aa_2.wav,0,24640,S03,3
S03_03b02La_1,1.73,/Users/adityakumar/Developer/Projects/mini_project/output/S03_03b02La_1.wav,0,27680,S03,4
S03_03b02La_2,1.73,/Users/adityakumar/Developer/Projects/mini_project/output/S03_03b02La_2.wav,0,27680,S03,4
S03_03b02Na_1,1.47,/Users/adityakumar/Developer/Projects/mini_project/output/S03_03b02Na_1.wav,0,23520,S03,1
S03_03b02Na_2,1.47,/Users/adityakumar/Developer/Projects/mini_project/output/S03_03b02Na_2.wav,0,23520,S03,1
S03_03b02Tb_1,1.71,/Users/adityakumar/Developer/Projects/mini_project/output/S03_03b02Tb_1.wav,0,27360,S03,6
S03_03b02Tb_2,1.71,/Users/adityakumar/Developer/Projects/mini_project/output/S03_03b02Tb_2.wav,0,27360,S03,6
S03_03b02Tb_3,1.71,/Users/adityakumar/Developer/Projects/mini_project/output/S03_03b02Tb_3.wav,0,27360,S03,6
S03_03b02Wb_1,1.59,/Users/adityakumar/Developer/Projects/mini_project/output/S03_03b02Wb_1.wav,0,25440,S03,2
S03_03b02Wb_2,1.59,/Users/adityakumar/Developer/Projects/mini_project/output/S03_03b02Wb_2.wav,0,25440,S03,2
S03_03b03Nb_1,1.82,/Users/adityakumar/Developer/Projects/mini_project/output/S03_03b03Nb_1.wav,0,29120,S03,1
S03_03b03Nb_2,1.82,/Users/adityakumar/Developer/Projects/mini_project/output/S03_03b03Nb_2.wav,0,29120,S03,1
S03_03b03Tc_1,1.77,/Users/adityakumar/Developer/Projects/mini_project/output/S03_03b03Tc_1.wav,0,28320,S03,6
S03_03b03Tc_2,1.77,/Users/adityakumar/Developer/Projects/mini_project/output/S03_03b03Tc_2.wav,0,28320,S03,6
S03_03b03Tc_3,1.77,/Users/adityakumar/Developer/Projects/mini_project/output/S03_03b03Tc_3.wav,0,28320,S03,6
S03_03b03Wc_1,1.92,/Users/adityakumar/Developer/Projects/mini_project/output/S03_03b03Wc_1.wav,0,30720,S03,2
S03_03b03Wc_2,1.92,/Users/adityakumar/Developer/Projects/mini_project/output/S03_03b03Wc_2.wav,0,30720,S03,2
S03_03b09La_1,1.56,/Users/adityakumar/Developer/Projects/mini_project/output/S03_03b09La_1.wav,0,24960,S03,4
S03_03b09La_2,1.56,/Users/adityakumar/Developer/Projects/mini_project/output/S03_03b09La_2.wav,0,24960,S03,4
S03_03b09Nc_1,1.29,/Users/adityakumar/Developer/Projects/mini_project/output/S03_03b09Nc_1.wav,0,20640,S03,1
S03_03b09Nc_2,1.29,/Users/adityakumar/Developer/Projects/mini_project/output/S03_03b09Nc_2.wav,0,20640,S03,1
S03_03b09Tc_1,1.97,/Users/adityakumar/Developer/Projects/mini_project/output/S03_03b09Tc_1.wav,0,31520,S03,6
S03_03b09Tc_2,1.97,/Users/adityakumar/Developer/Projects/mini_project/output/S03_03b09Tc_2.wav,0,31520,S03,6
S03_03b09Wa_1,1.45,/Users/adityakumar/Developer/Projects/mini_project/output/S03_03b09Wa_1.wav,0,23200,S03,2
S03_03b09Wa_2,1.45,/Users/adityakumar/Developer/Projects/mini_project/output/S03_03b09Wa_2.wav,0,23200,S03,2
S03_03b10Ab_1,1.41,/Users/adityakumar/Developer/Projects/mini_project/output/S03_03b10Ab_1.wav,0,22560,S03,3
S03_03b10Ab_2,1.41,/Users/adityakumar/Developer/Projects/mini_project/output/S03_03b10Ab_2.wav,0,22560,S03,3
S03_03b10Ec_1,1.6,/Users/adityakumar/Developer/Projects/mini_project/output/S03_03b10Ec_1.wav,0,25600,S03,5
S03_03b10Ec_2,1.6,/Users/adityakumar/Developer/Projects/mini_project/output/S03_03b10Ec_2.wav,0,25600,S03,5
S03_03b10Na_1,1.13,/Users/adityakumar/Developer/Projects/mini_project/output/S03_03b10Na_1.wav,0,18080,S03,1
S03_03b10Na_2,1.13,/Users/adityakumar/Developer/Projects/mini_project/output/S03_03b10Na_2.wav,0,18080,S03,1
S03_03b10Nc_1,1.11,/Users/adityakumar/Developer/Projects/mini_project/output/S03_03b10Nc_1.wav,0,17760,S03,1
S03_03b10Nc_2,1.11,/Users/adityakumar/Developer/Projects/mini_project/output/S03_03b10Nc_2.wav,0,17760,S03,1
S03_03b10Wb_1,1.08,/Users/adityakumar/Developer/Projects/mini_project/output/S03_03b10Wb_1.wav,0,17280,S03,2
S03_03b10Wb_2,1.08,/Users/adityakumar/Developer/Projects/mini_project/output/S03_03b10Wb_2.wav,0,17280,S03,2
S03_03b10Wc_1,1.22,/Users/adityakumar/Developer/Projects/mini_project/output/S03_03b10Wc_1.wav,0,19520,S03,2
S03_03b10Wc_2,1.22,/Users/adityakumar/Developer/Projects/mini_project/output/S03_03b10Wc_2.wav,0,19520,S03,2
S08_08a01Fd_1,1.15,/Users/adityakumar/Developer/Projects/mini_project/output/S08_08a01Fd_1.wav,0,18400,S08,0
S08_08a01Fd_2,1.15,/Users/adityakumar/Developer/Projects/mini_project/output/S08_08a01Fd_2.wav,0,18400,S08,0
S08_08a01Lc_1,1.01,/Users/adityakumar/Developer/Projects/mini_project/output/S08_08a01Lc_1.wav,0,16160,S08,4
S08_08a01Lc_2,1.01,/Users/adityakumar/Developer/Projects/mini_project/output/S08_08a01Lc_2.wav,0,16160,S08,4
S08_08a02Tb_1,1.52,/Users/adityakumar/Developer/Projects/mini_project/output/S08_08a02Tb_1.wav,0,24320,S08,6
S08_08a02Tb_2,1.52,/Users/adityakumar/Developer/Projects/mini_project/output/S08_08a02Tb_2.wav,0,24320,S08,6
S08_08a04La_1,1.04,/Users/adityakumar/Developer/Projects/mini_project/output/S08_08a04La_1.wav,0,16640,S08,4
S08_08a04La_2,1.04,/Users/adityakumar/Developer/Projects/mini_project/output/S08_08a04La_2.wav,0,16640,S08,4
S08_08a04Nc_1,1.02,/Users/adityakumar/Developer/Projects/mini_project/output/S08_08a04Nc_1.wav,0,16320,S08,1
S08_08a04Nc_2,1.02,/Users/adityakumar/Developer/Projects/mini_project/output/S08_08a04Nc_2.wav,0,16320,S08,1
S08_08a04Tb_1,1.92,/Users/adityakumar/Developer/Projects/mini_project/output/S08_08a04Tb_1.wav,0,30720,S08,6
S08_08a04Tb_2,1.92,/Users/adityakumar/Developer/Projects/mini_project/output/S08_08a04Tb_2.wav,0,30720,S08,6
S08_08a05Fe_1,1.55,/Users/adityakumar/Developer/Projects/mini_project/output/S08_08a05Fe_1.wav,0,24800,S08,0
S08_08a05Fe_2,1.55,/Users/adityakumar/Developer/Projects/mini_project/output/S08_08a05Fe_2.wav,0,24800,S08,0
S08_08a05Lc_1,1.4,/Users/adityakumar/Developer/Projects/mini_project/output/S08_08a05Lc_1.wav,0,22400,S08,4
S08_08a05Lc_2,1.4,/Users/adityakumar/Developer/Projects/mini_project/output/S08_08a05Lc_2.wav,0,22400,S08,4
S08_08a05Lc_3,1.4,/Users/adityakumar/Developer/Projects/mini_project/output/S08_08a05Lc_3.wav,0,22400,S08,4
S08_08a05Nb_1,1.63,/Users/adityakumar/Developer/Projects/mini_project/output/S08_08a05Nb_1.wav,0,26080,S08,1
S08_08a05Nb_2,1.63,/Users/adityakumar/Developer/Projects/mini_project/output/S08_08a05Nb_2.wav,0,26080,S08,1
S08_08a05Ta_1,1.87,/Users/adityakumar/Developer/Projects/mini_project/output/S08_08a05Ta_1.wav,0,29920,S08,6
S08_08a05Ta_2,1.87,/Users/adityakumar/Developer/Projects/mini_project/output/S08_08a05Ta_2.wav,0,29920,S08,6
S08_08a05Ta_3,1.87,/Users/adityakumar/Developer/Projects/mini_project/output/S08_08a05Ta_3.wav,0,29920,S08,6
S08_08a05Wa_1,1.46,/Users/adityakumar/Developer/Projects/mini_project/output/S08_08a05Wa_1.wav,0,23360,S08,2
S08_08a05Wa_2,1.46,/Users/adityakumar/Developer/Projects/mini_project/output/S08_08a05Wa_2.wav,0,23360,S08,2
S08_08a07La_1,1.26,/Users/adityakumar/Developer/Projects/mini_project/output/S08_08a07La_1.wav,0,20160,S08,4
S08_08a07La_2,1.26,/Users/adityakumar/Developer/Projects/mini_project/output/S08_08a07La_2.wav,0,20160,S08,4
S08_08a07Na_1,1.04,/Users/adityakumar/Developer/Projects/mini_project/output/S08_08a07Na_1.wav,0,16640,S08,1
S08_08a07Na_2,1.04,/Users/adityakumar/Developer/Projects/mini_project/output/S08_08a07Na_2.wav,0,16640,S08,1
S08_08a07Ta_1,1.73,/Users/adityakumar/Developer/Projects/mini_project/output/S08_08a07Ta_1.wav,0,27680,S08,6
S08_08a07Ta_2,1.73,/Users/adityakumar/Developer/Projects/mini_project/output/S08_08a07Ta_2.wav,0,27680,S08,6
S08_08a07Tb_1,1.34,/Users/adityakumar/Developer/Projects/mini_project/output/S08_08a07Tb_1.wav,0,21440,S08,6
S08_08a07Tb_2,1.34,/Users/adityakumar/Developer/Projects/mini_project/output/S08_08a07Tb_2.wav,0,21440,S08,6
S08_08a07Tb_3,1.34,/Users/adityakumar/Developer/Projects/mini_project/output/S08_08a07Tb_3.wav,0,21440,S08,6
S08_08a07Wc_1,1.11,/Users/adityakumar/Developer/Projects/mini_project/output/S08_08a07Wc_1.wav,0,17760,S08,2
S08_08a07Wc_2,1.11,/Users/adityakumar/Developer/Projects/mini_project/output/S08_08a07Wc_2.wav,0,17760,S08,2
S08_08b01Aa_1,1.34,/Users/adityakumar/Developer/Projects/mini_project/output/S08_08b01Aa_1.wav,0,21440,S08,3
S08_08b01Aa_2,1.34,/Users/adityakumar/Developer/Projects/mini_project/output/S08_08b01Aa_2.wav,0,21440,S08,3
S08_08b01Fd_1,1.24,/Users/adityakumar/Developer/Projects/mini_project/output/S08_08b01Fd_1.wav,0,19840,S08,0
S08_08b01Fd_2,1.24,/Users/adityakumar/Developer/Projects/mini_project/output/S08_08b01Fd_2.wav,0,19840,S08,0
S08_08b01Fe_1,1.26,/Users/adityakumar/Developer/Projects/mini_project/output/S08_08b01Fe_1.wav,0,20160,S08,0
S08_08b01Fe_2,1.26,/Users/adityakumar/Developer/Projects/mini_project/output/S08_08b01Fe_2.wav,0,20160,S08,0
S08_08b01Lb_1,1.74,/Users/adityakumar/Developer/Projects/mini_project/output/S08_08b01Lb_1.wav,0,27840,S08,4
S08_08b01Lb_2,1.74,/Users/adityakumar/Developer/Projects/mini_project/output/S08_08b01Lb_2.wav,0,27840,S08,4
S08_08b01Na_1,1.18,/Users/adityakumar/Developer/Projects/mini_project/output/S08_08b01Na_1.wav,0,18880,S08,1
S08_08b01Na_2,1.18,/Users/adityakumar/Developer/Projects/mini_project/output/S08_08b01Na_2.wav,0,18880,S08,1
S08_08b01Wa_1,1.65,/Users/adityakumar/Developer/Projects/mini_project/output/S08_08b01Wa_1.wav,0,26400,S08,2
S08_08b01Wa_2,1.65,/Users/adityakumar/Developer/Projects/mini_project/output/S08_08b01Wa_2.wav,0,26400,S08,2
S08_08b02Ff_1,1.39,/Users/adityakumar/Developer/Projects/mini_project/output/S08_08b02Ff_1.wav,0,22240,S08,0
S08_08b02Ff_2,1.39,/Users/adityakumar/Developer/Projects/mini_project/output/S08_08b02Ff_2.wav,0,22240,S08,0
S08_08b02La_1,1.73,/Users/adityakumar/Developer/Projects/mini_project/output/S08_08b02La_1.wav,0,27680,S08,4
S08_08b02La_2,1.73,/Users/adityakumar/Developer/Projects/mini_project/output/S08_08b02La_2.wav,0,27680,S08,4
S08_08b02Nb_1,1.53,/Users/adityakumar/Developer/Projects/mini_project/output/S08_08b02Nb_1.wav,0,24480,S08,1
S08_08b02Nb_2,1.53,/Users/adityakumar/Developer/Projects/mini_project/output/S08_08b02Nb_2.wav,0,24480,S08,1
S08_08b02Tc_1,1.92,/Users/adityakumar/Developer/Projects/mini_project/output/S08_08b02Tc_1.wav,0,30720,S08,6
S08_08b02Tc_2,1.92,/Users/adityakumar/Developer/Projects/mini_project/output/S08_08b02Tc_2.wav,0,30720,S08,6
S08_08b02Tc_3,1.92,/Users/adityakumar/Developer/Projects/mini_project/output/S08_08b02Tc_3.wav,0,30720,S08,6
S08_08b02Tc_4,1.92,/Users/adityakumar/Developer/Projects/mini_project/output/S08_08b02Tc_4.wav,0,30720,S08,6
S08_08b02Wd_1,1.79,/Users/adityakumar/Developer/Projects/mini_project/output/S08_08b02Wd_1.wav,0,28640,S08,2
S08_08b02Wd_2,1.79,/Users/adityakumar/Developer/Projects/mini_project/output/S08_08b02Wd_2.wav,0,28640,S08,2
S08_08b03Fe_1,1.81,/Users/adityakumar/Developer/Projects/mini_project/output/S08_08b03Fe_1.wav,0,28960,S08,0
S08_08b03Fe_2,1.81,/Users/adityakumar/Developer/Projects/mini_project/output/S08_08b03Fe_2.wav,0,28960,S08,0
S08_08b03Lc_1,1.51,/Users/adityakumar/Developer/Projects/mini_project/output/S08_08b03Lc_1.wav,0,24160,S08,4
S08_08b03Lc_2,1.51,/Users/adityakumar/Developer/Projects/mini_project/output/S08_08b03Lc_2.wav,0,24160,S08,4
S08_08b03Lc_3,1.51,/Users/adityakumar/Developer/Projects/mini_project/output/S08_08b03Lc_3.wav,0,24160,S08,4
S08_08b03Nb_1,1.86,/Users/adityakumar/Developer/Projects/mini_project/output/S08_08b03Nb_1.wav,0,29760,S08,1
S08_08b03Nb_2,1.86,/Users/adityakumar/Developer/Projects/mini_project/output/S08_08b03Nb_2.wav,0,29760,S08,1
S08_08b03Tc_1,2.24,/Users/adityakumar/Developer/Projects/mini_project/output/S08_08b03Tc_1.wav,0,35840,S08,6
S08_08b03Tc_2,2.24,/Users/adityakumar/Developer/Projects/mini_project/output/S08_08b03Tc_2.wav,0,35840,S08,6
S08_08b03Tc_3,2.24,/Users/adityakumar/Developer/Projects/mini_project/output/S08_08b03Tc_3.wav,0,35840,S08,6
S08_08b03Tc_4,2.24,/Users/adityakumar/Developer/Projects/mini_project/output/S08_08b03Tc_4.wav,0,35840,S08,6
S08_08b03Wd_1,1.36,/Users/adityakumar/Developer/Projects/mini_project/output/S08_08b03Wd_1.wav,0,21760,S08,2
S08_08b03Wd_2,1.36,/Users/adityakumar/Developer/Projects/mini_project/output/S08_08b03Wd_2.wav,0,21760,S08,2
S08_08b03Wd_3,1.36,/Users/adityakumar/Developer/Projects/mini_project/output/S08_08b03Wd_3.wav,0,21760,S08,2
S08_08b09Ab_1,1.59,/Users/adityakumar/Developer/Projects/mini_project/output/S08_08b09Ab_1.wav,0,25440,S08,3
S08_08b09Ab_2,1.59,/Users/adityakumar/Developer/Projects/mini_project/output/S08_08b09Ab_2.wav,0,25440,S08,3
S08_08b09Fd_1,1.38,/Users/adityakumar/Developer/Projects/mini_project/output/S08_08b09Fd_1.wav,0,22080,S08,0
S08_08b09Fd_2,1.38,/Users/adityakumar/Developer/Projects/mini_project/output/S08_08b09Fd_2.wav,0,22080,S08,0
S08_08b09Lc_1,1.95,/Users/adityakumar/Developer/Projects/mini_project/output/S08_08b09Lc_1.wav,0,31200,S08,4
S08_08b09Lc_2,1.95,/Users/adityakumar/Developer/Projects/mini_project/output/S08_08b09Lc_2.wav,0,31200,S08,4
S08_08b09Nb_1,1.43,/Users/adityakumar/Developer/Projects/mini_project/output/S08_08b09Nb_1.wav,0,22880,S08,1
S08_08b09Nb_2,1.43,/Users/adityakumar/Developer/Projects/mini_project/output/S08_08b09Nb_2.wav,0,22880,S08,1
S08_08b09Tb_1,1.69,/Users/adityakumar/Developer/Projects/mini_project/output/S08_08b09Tb_1.wav,0,27040,S08,6
S08_08b09Tb_2,1.69,/Users/adityakumar/Developer/Projects/mini_project/output/S08_08b09Tb_2.wav,0,27040,S08,6
S08_08b09Tb_3,1.69,/Users/adityakumar/Developer/Projects/mini_project/output/S08_08b09Tb_3.wav,0,27040,S08,6
S08_08b09Tb_4,1.69,/Users/adityakumar/Developer/Projects/mini_project/output/S08_08b09Tb_4.wav,0,27040,S08,6
S08_08b09Wa_1,1.58,/Users/adityakumar/Developer/Projects/mini_project/output/S08_08b09Wa_1.wav,0,25280,S08,2
S08_08b09Wa_2,1.58,/Users/adityakumar/Developer/Projects/mini_project/output/S08_08b09Wa_2.wav,0,25280,S08,2
S08_08b09Wc_1,1.66,/Users/adityakumar/Developer/Projects/mini_project/output/S08_08b09Wc_1.wav,0,26560,S08,2
S08_08b09Wc_2,1.66,/Users/adityakumar/Developer/Projects/mini_project/output/S08_08b09Wc_2.wav,0,26560,S08,2
S08_08b10Aa_1,1.33,/Users/adityakumar/Developer/Projects/mini_project/output/S08_08b10Aa_1.wav,0,21280,S08,3
S08_08b10Aa_2,1.33,/Users/adityakumar/Developer/Projects/mini_project/output/S08_08b10Aa_2.wav,0,21280,S08,3
S08_08b10Fd_1,1.23,/Users/adityakumar/Developer/Projects/mini_project/output/S08_08b10Fd_1.wav,0,19680,S08,0
S08_08b10Fd_2,1.23,/Users/adityakumar/Developer/Projects/mini_project/output/S08_08b10Fd_2.wav,0,19680,S08,0
S08_08b10La_1,1.4,/Users/adityakumar/Developer/Projects/mini_project/output/S08_08b10La_1.wav,0,22400,S08,4
S08_08b10La_2,1.4,/Users/adityakumar/Developer/Projects/mini_project/output/S08_08b10La_2.wav,0,22400,S08,4
S08_08b10Nc_1,1.19,/Users/adityakumar/Developer/Projects/mini_project/output/S08_08b10Nc_1.wav,0,19040,S08,1
S08_08b10Nc_2,1.19,/Users/adityakumar/Developer/Projects/mini_project/output/S08_08b10Nc_2.wav,0,19040,S08,1
S08_08b10Tc_1,1.55,/Users/adityakumar/Developer/Projects/mini_project/output/S08_08b10Tc_1.wav,0,24800,S08,6
S08_08b10Tc_2,1.55,/Users/adityakumar/Developer/Projects/mini_project/output/S08_08b10Tc_2.wav,0,24800,S08,6
S08_08b10Tc_3,1.55,/Users/adityakumar/Developer/Projects/mini_project/output/S08_08b10Tc_3.wav,0,24800,S08,6
S08_08b10Wa_1,1.57,/Users/adityakumar/Developer/Projects/mini_project/output/S08_08b10Wa_1.wav,0,25120,S08,2
S08_08b10Wa_2,1.57,/Users/adityakumar/Developer/Projects/mini_project/output/S08_08b10Wa_2.wav,0,25120,S08,2
S09_09a01Ea_1,1.31,/Users/adityakumar/Developer/Projects/mini_project/output/S09_09a01Ea_1.wav,0,20960,S09,5
S09_09a01Ea_2,1.31,/Users/adityakumar/Developer/Projects/mini_project/output/S09_09a01Ea_2.wav,0,20960,S09,5
S09_09a02Ea_1,1.22,/Users/adityakumar/Developer/Projects/mini_project/output/S09_09a02Ea_1.wav,0,19520,S09,5
S09_09a02Ea_2,1.22,/Users/adityakumar/Developer/Projects/mini_project/output/S09_09a02Ea_2.wav,0,19520,S09,5
S09_09a05Ed_1,1.72,/Users/adityakumar/Developer/Projects/mini_project/output/S09_09a05Ed_1.wav,0,27520,S09,5
S09_09a05Ed_2,1.72,/Users/adityakumar/Developer/Projects/mini_project/output/S09_09a05Ed_2.wav,0,27520,S09,5
S09_09a05Ed_3,1.72,/Users/adityakumar/Developer/Projects/mini_project/output/S09_09a05Ed_3.wav,0,27520,S09,5
S09_09a05Lc_1,1.68,/Users/adityakumar/Developer/Projects/mini_project/output/S09_09a05Lc_1.wav,0,26880,S09,4
S09_09a05Lc_2,1.68,/Users/adityakumar/Developer/Projects/mini_project/output/S09_09a05Lc_2.wav,0,26880,S09,4
S09_09a05Nb_1,1.54,/Users/adityakumar/Developer/Projects/mini_project/output/S09_09a05Nb_1.wav,0,24640,S09,1
S09_09a05Nb_2,1.54,/Users/adityakumar/Developer/Projects/mini_project/output/S09_09a05Nb_2.wav,0,24640,S09,1
S09_09a05Tb_1,1.95,/Users/adityakumar/Developer/Projects/mini_project/output/S09_09a05Tb_1.wav,0,31200,S09,6
S09_09a05Tb_2,1.95,/Users/adityakumar/Developer/Projects/mini_project/output/S09_09a05Tb_2.wav,0,31200,S09,6
S09_09a05Wb_1,1.7,/Users/adityakumar/Developer/Projects/mini_project/output/S09_09a05Wb_1.wav,0,27200,S09,2
S09_09a05Wb_2,1.7,/Users/adityakumar/Developer/Projects/mini_project/output/S09_09a05Wb_2.wav,0,27200,S09,2
S09_09a05Wc_1,1.59,/Users/adityakumar/Developer/Projects/mini_project/output/S09_09a05Wc_1.wav,0,25440,S09,2
S09_09a05Wc_2,1.59,/Users/adityakumar/Developer/Projects/mini_project/output/S09_09a05Wc_2.wav,0,25440,S09,2
S09_09a07Eb_1,1.67,/Users/adityakumar/Developer/Projects/mini_project/output/S09_09a07Eb_1.wav,0,26720,S09,5
S09_09a07Eb_2,1.67,/Users/adityakumar/Developer/Projects/mini_project/output/S09_09a07Eb_2.wav,0,26720,S09,5
S09_09a07Wd_1,1.16,/Users/adityakumar/Developer/Projects/mini_project/output/S09_09a07Wd_1.wav,0,18560,S09,2
S09_09a07Wd_2,1.16,/Users/adityakumar/Developer/Projects/mini_project/output/S09_09a07Wd_2.wav,0,18560,S09,2
S09_09b01Ea_1,1.87,/Users/adityakumar/Developer/Projects/mini_project/output/S09_09b01Ea_1.wav,0,29920,S09,5
S09_09b01Ea_2,1.87,/Users/adityakumar/Developer/Projects/mini_project/output/S09_09b01Ea_2.wav,0,29920,S09,5
S09_09b01Na_1,1.23,/Users/adityakumar/Developer/Projects/mini_project/output/S09_09b01Na_1.wav,0,19680,S09,1
S09_09b01Na_2,1.23,/Users/adityakumar/Developer/Projects/mini_project/output/S09_09b01Na_2.wav,0,19680,S09,1
S09_09b01Wb_1,1.08,/Users/adityakumar/Developer/Projects/mini_project/output/S09_09b01Wb_1.wav,0,17280,S09,2
S09_09b01Wb_2,1.08,/Users/adityakumar/Developer/Projects/mini_project/output/S09_09b01Wb_2.wav,0,17280,S09,2
S09_09b02Na_1,1.35,/Users/adityakumar/Developer/Projects/mini_project/output/S09_09b02Na_1.wav,0,21600,S09,1
S09_09b02Na_2,1.35,/Users/adityakumar/Developer/Projects/mini_project/output/S09_09b02Na_2.wav,0,21600,S09,1
S09_09b02Tb_1,1.83,/Users/adityakumar/Developer/Projects/mini_project/output/S09_09b02Tb_1.wav,0,29280,S09,6
S09_09b02Tb_2,1.83,/Users/adityakumar/Developer/Projects/mini_project/output/S09_09b02Tb_2.wav,0,29280,S09,6
S09_09b02Wc_1,1.36,/Users/adityakumar/Developer/Projects/mini_project/output/S09_09b02Wc_1.wav,0,21760,S09,2
S09_09b02Wc_2,1.36,/Users/adityakumar/Developer/Projects/mini_project/output/S09_09b02Wc_2.wav,0,21760,S09,2
S09_09b02Wd_1,1.31,/Users/adityakumar/Developer/Projects/mini_project/output/S09_09b02Wd_1.wav,0,20960,S09,2
S09_09b02Wd_2,1.31,/Users/adityakumar/Developer/Projects/mini_project/output/S09_09b02Wd_2.wav,0,20960,S09,2
S09_09b03Ed_1,1.69,/Users/adityakumar/Developer/Projects/mini_project/output/S09_09b03Ed_1.wav,0,27040,S09,5
S09_09b03Ed_2,1.69,/Users/adityakumar/Developer/Projects/mini_project/output/S09_09b03Ed_2.wav,0,27040,S09,5
S09_09b03Ed_3,1.69,/Users/adityakumar/Developer/Projects/mini_project/output/S09_09b03Ed_3.wav,0,27040,S09,5
S09_09b03Fa_1,1.57,/Users/adityakumar/Developer/Projects/mini_project/output/S09_09b03Fa_1.wav,0,25120,S09,0
S09_09b03Fa_2,1.57,/Users/adityakumar/Developer/Projects/mini_project/output/S09_09b03Fa_2.wav,0,25120,S09,0
S09_09b03Fd_1,1.66,/Users/adityakumar/Developer/Projects/mini_project/output/S09_09b03Fd_1.wav,0,26560,S09,0
S09_09b03Fd_2,1.66,/Users/adityakumar/Developer/Projects/mini_project/output/S09_09b03Fd_2.wav,0,26560,S09,0
S09_09b03Lb_1,1.96,/Users/adityakumar/Developer/Projects/mini_project/output/S09_09b03Lb_1.wav,0,31360,S09,4
S09_09b03Lb_2,1.96,/Users/adityakumar/Developer/Projects/mini_project/output/S09_09b03Lb_2.wav,0,31360,S09,4
S09_09b03Nb_1,1.91,/Users/adityakumar/Developer/Projects/mini_project/output/S09_09b03Nb_1.wav,0,30560,S09,1
S09_09b03Nb_2,1.91,/Users/adityakumar/Developer/Projects/mini_project/output/S09_09b03Nb_2.wav,0,30560,S09,1
S09_09b03Ta_1,1.36,/Users/adityakumar/Developer/Projects/mini_project/output/S09_09b03Ta_1.wav,0,21760,S09,6
S09_09b03Ta_2,1.36,/Users/adityakumar/Developer/Projects/mini_project/output/S09_09b03Ta_2.wav,0,21760,S09,6
S09_09b03Ta_3,1.36,/Users/adityakumar/Developer/Projects/mini_project/output/S09_09b03Ta_3.wav,0,21760,S09,6
S09_09b03Wb_1,1.85,/Users/adityakumar/Developer/Projects/mini_project/output/S09_09b03Wb_1.wav,0,29600,S09,2
S09_09b03Wb_2,1.85,/Users/adityakumar/Developer/Projects/mini_project/output/S09_09b03Wb_2.wav,0,29600,S09,2
S09_09b09Ea_1,1.9,/Users/adityakumar/Developer/Projects/mini_project/output/S09_09b09Ea_1.wav,0,30400,S09,5
S09_09b09Ea_2,1.9,/Users/adityakumar/Developer/Projects/mini_project/output/S09_09b09Ea_2.wav,0,30400,S09,5
S09_09b09Nd_1,1.36,/Users/adityakumar/Developer/Projects/mini_project/output/S09_09b09Nd_1.wav,0,21760,S09,1
S09_09b09Nd_2,1.36,/Users/adityakumar/Developer/Projects/mini_project/output/S09_09b09Nd_2.wav,0,21760,S09,1
S09_09b09Wa_1,1.31,/Users/adityakumar/Developer/Projects/mini_project/output/S09_09b09Wa_1.wav,0,20960,S09,2
S09_09b09Wa_2,1.31,/Users/adityakumar/Developer/Projects/mini_project/output/S09_09b09Wa_2.wav,0,20960,S09,2
S09_09b10Nd_1,1.12,/Users/adityakumar/Developer/Projects/mini_project/output/S09_09b10Nd_1.wav,0,17920,S09,1
S09_09b10Nd_2,1.12,/Users/adityakumar/Developer/Projects/mini_project/output/S09_09b10Nd_2.wav,0,17920,S09,1
S09_09b10Wa_1,1.1,/Users/adityakumar/Developer/Projects/mini_project/output/S09_09b10Wa_1.wav,0,17600,S09,2
S09_09b10Wa_2,1.1,/Users/adityakumar/Developer/Projects/mini_project/output/S09_09b10Wa_2.wav,0,17600,S09,2
S10_10a01Wa_1,1.09,/Users/adityakumar/Developer/Projects/mini_project/output/S10_10a01Wa_1.wav,0,17440,S10,2
S10_10a01Wa_2,1.09,/Users/adityakumar/Developer/Projects/mini_project/output/S10_10a01Wa_2.wav,0,17440,S10,2
S10_10a02Wa_1,1.05,/Users/adityakumar/Developer/Projects/mini_project/output/S10_10a02Wa_1.wav,0,16800,S10,2
S10_10a02Wa_2,1.05,/Users/adityakumar/Developer/Projects/mini_project/output/S10_10a02Wa_2.wav,0,16800,S10,2
S10_10a04Nb_1,1.02,/Users/adityakumar/Developer/Projects/mini_project/output/S10_10a04Nb_1.wav,0,16320,S10,1
S10_10a04Nb_2,1.02,/Users/adityakumar/Developer/Projects/mini_project/output/S10_10a04Nb_2.wav,0,16320,S10,1
S10_10a04Wa_1,1.43,/Users/adityakumar/Developer/Projects/mini_project/output/S10_10a04Wa_1.wav,0,22880,S10,2
S10_10a04Wa_2,1.43,/Users/adityakumar/Developer/Projects/mini_project/output/S10_10a04Wa_2.wav,0,22880,S10,2
S10_10a05Aa_1,1.3,/Users/adityakumar/Developer/Projects/mini_project/output/S10_10a05Aa_1.wav,0,20800,S10,3
S10_10a05Aa_2,1.3,/Users/adityakumar/Developer/Projects/mini_project/output/S10_10a05Aa_2.wav,0,20800,S10,3
S10_10a05Ld_1,1.65,/Users/adityakumar/Developer/Projects/mini_project/output/S10_10a05Ld_1.wav,0,26400,S10,4
S10_10a05Ld_2,1.65,/Users/adityakumar/Developer/Projects/mini_project/output/S10_10a05Ld_2.wav,0,26400,S10,4
S10_10a05Tb_1,1.67,/Users/adityakumar/Developer/Projects/mini_project/output/S10_10a05Tb_1.wav,0,26720,S10,6
S10_10a05Tb_2,1.67,/Users/adityakumar/Developer/Projects/mini_project/output/S10_10a05Tb_2.wav,0,26720,S10,6
S10_10a05Wb_1,1.88,/Users/adityakumar/Developer/Projects/mini_project/output/S10_10a05Wb_1.wav,0,30080,S10,2
S10_10a05Wb_2,1.88,/Users/adityakumar/Developer/Projects/mini_project/output/S10_10a05Wb_2.wav,0,30080,S10,2
S10_10b01Aa_1,1.04,/Users/adityakumar/Developer/Projects/mini_project/output/S10_10b01Aa_1.wav,0,16640,S10,3
S10_10b01Aa_2,1.04,/Users/adityakumar/Developer/Projects/mini_project/output/S10_10b01Aa_2.wav,0,16640,S10,3
S10_10b01Ea_1,1.2,/Users/adityakumar/Developer/Projects/mini_project/output/S10_10b01Ea_1.wav,0,19200,S10,5
S10_10b01Ea_2,1.2,/Users/adityakumar/Developer/Projects/mini_project/output/S10_10b01Ea_2.wav,0,19200,S10,5
S10_10b01Fa_1,1.22,/Users/adityakumar/Developer/Projects/mini_project/output/S10_10b01Fa_1.wav,0,19520,S10,0
S10_10b01Fa_2,1.22,/Users/adityakumar/Developer/Projects/mini_project/output/S10_10b01Fa_2.wav,0,19520,S10,0
S10_10b01Lb_1,1.03,/Users/adityakumar/Developer/Projects/mini_project/output/S10_10b01Lb_1.wav,0,16480,S10,4
S10_10b01Lb_2,1.03,/Users/adityakumar/Developer/Projects/mini_project/output/S10_10b01Lb_2.wav,0,16480,S10,4
S10_10b02Aa_1,1.23,/Users/adityakumar/Developer/Projects/mini_project/output/S10_10b02Aa_1.wav,0,19680,S10,3
S10_10b02Aa_2,1.23,/Users/adityakumar/Developer/Projects/mini_project/output/S10_10b02Aa_2.wav,0,19680,S10,3
S10_10b02La_1,1.35,/Users/adityakumar/Developer/Projects/mini_project/output/S10_10b02La_1.wav,0,21600,S10,4
S10_10b02La_2,1.35,/Users/adityakumar/Developer/Projects/mini_project/output/S10_10b02La_2.wav,0,21600,S10,4
S10_10b02Na_1,1.36,/Users/adityakumar/Developer/Projects/mini_project/output/S10_10b02Na_1.wav,0,21760,S10,1
S10_10b02Na_2,1.36,/Users/adityakumar/Developer/Projects/mini_project/output/S10_10b02Na_2.wav,0,21760,S10,1
S10_10b02Wb_1,1.43,/Users/adityakumar/Developer/Projects/mini_project/output/S10_10b02Wb_1.wav,0,22880,S10,2
S10_10b02Wb_2,1.43,/Users/adityakumar/Developer/Projects/mini_project/output/S10_10b02Wb_2.wav,0,22880,S10,2
S10_10b03La_1,1.91,/Users/adityakumar/Developer/Projects/mini_project/output/S10_10b03La_1.wav,0,30560,S10,4
S10_10b03La_2,1.91,/Users/adityakumar/Developer/Projects/mini_project/output/S10_10b03La_2.wav,0,30560,S10,4
S10_10b03Tb_1,1.88,/Users/adityakumar/Developer/Projects/mini_project/output/S10_10b03Tb_1.wav,0,30080,S10,6
S10_10b03Tb_2,1.88,/Users/adityakumar/Developer/Projects/mini_project/output/S10_10b03Tb_2.wav,0,30080,S10,6
S10_10b03Wb_1,1.5,/Users/adityakumar/Developer/Projects/mini_project/output/S10_10b03Wb_1.wav,0,24000,S10,2
S10_10b03Wb_2,1.5,/Users/adityakumar/Developer/Projects/mini_project/output/S10_10b03Wb_2.wav,0,24000,S10,2
S10_10b03Wb_3,1.5,/Users/adityakumar/Developer/Projects/mini_project/output/S10_10b03Wb_3.wav,0,24000,S10,2
S10_10b09Lb_1,1.47,/Users/adityakumar/Developer/Projects/mini_project/output/S10_10b09Lb_1.wav,0,23520,S10,4
S10_10b09Lb_2,1.47,/Users/adityakumar/Developer/Projects/mini_project/output/S10_10b09Lb_2.wav,0,23520,S10,4
S10_10b09Wb_1,1.61,/Users/adityakumar/Developer/Projects/mini_project/output/S10_10b09Wb_1.wav,0,25760,S10,2
S10_10b09Wb_2,1.61,/Users/adityakumar/Developer/Projects/mini_project/output/S10_10b09Wb_2.wav,0,25760,S10,2
S10_10b10Fc_1,1.11,/Users/adityakumar/Developer/Projects/mini_project/output/S10_10b10Fc_1.wav,0,17760,S10,0
S10_10b10Fc_2,1.11,/Users/adityakumar/Developer/Projects/mini_project/output/S10_10b10Fc_2.wav,0,17760,S10,0
S10_10b10Lc_1,1.13,/Users/adityakumar/Developer/Projects/mini_project/output/S10_10b10Lc_1.wav,0,18080,S10,4
S10_10b10Lc_2,1.14,/Users/adityakumar/Developer/Projects/mini_project/output/S10_10b10Lc_2.wav,0,18240,S10,4
S10_10b10Wa_1,1.32,/Users/adityakumar/Developer/Projects/mini_project/output/S10_10b10Wa_1.wav,0,21120,S10,2
S10_10b10Wa_2,1.32,/Users/adityakumar/Developer/Projects/mini_project/output/S10_10b10Wa_2.wav,0,21120,S10,2
S11_11a01Ld_1,1.04,/Users/adityakumar/Developer/Projects/mini_project/output/S11_11a01Ld_1.wav,0,16640,S11,4
S11_11a01Ld_2,1.04,/Users/adityakumar/Developer/Projects/mini_project/output/S11_11a01Ld_2.wav,0,16640,S11,4
S11_11a02Tc_1,1.03,/Users/adityakumar/Developer/Projects/mini_project/output/S11_11a02Tc_1.wav,0,16480,S11,6
S11_11a02Tc_2,1.03,/Users/adityakumar/Developer/Projects/mini_project/output/S11_11a02Tc_2.wav,0,16480,S11,6
S11_11a02Wc_1,1.21,/Users/adityakumar/Developer/Projects/mini_project/output/S11_11a02Wc_1.wav,0,19360,S11,2
S11_11a02Wc_2,1.21,/Users/adityakumar/Developer/Projects/mini_project/output/S11_11a02Wc_2.wav,0,19360,S11,2
S11_11a04Wc_1,1.34,/Users/adityakumar/Developer/Projects/mini_project/output/S11_11a04Wc_1.wav,0,21440,S11,2
S11_11a04Wc_2,1.34,/Users/adityakumar/Developer/Projects/mini_project/output/S11_11a04Wc_2.wav,0,21440,S11,2
S11_11a05Ad_1,1.46,/Users/adityakumar/Developer/Projects/mini_project/output/S11_11a05Ad_1.wav,0,23360,S11,3
S11_11a05Ad_2,1.46,/Users/adityakumar/Developer/Projects/mini_project/output/S11_11a05Ad_2.wav,0,23360,S11,3
S11_11a05Fb_1,1.77,/Users/adityakumar/Developer/Projects/mini_project/output/S11_11a05Fb_1.wav,0,28320,S11,0
S11_11a05Fb_2,1.77,/Users/adityakumar/Developer/Projects/mini_project/output/S11_11a05Fb_2.wav,0,28320,S11,0
S11_11a05Fc_1,1.96,/Users/adityakumar/Developer/Projects/mini_project/output/S11_11a05Fc_1.wav,0,31360,S11,0
S11_11a05Fc_2,1.96,/Users/adityakumar/Developer/Projects/mini_project/output/S11_11a05Fc_2.wav,0,31360,S11,0
S11_11a05Lc_1,1.36,/Users/adityakumar/Developer/Projects/mini_project/output/S11_11a05Lc_1.wav,0,21760,S11,4
S11_11a05Lc_2,1.36,/Users/adityakumar/Developer/Projects/mini_project/output/S11_11a05Lc_2.wav,0,21760,S11,4
S11_11a05Lc_3,1.36,/Users/adityakumar/Developer/Projects/mini_project/output/S11_11a05Lc_3.wav,0,21760,S11,4
S11_11a05Na_1,1.66,/Users/adityakumar/Developer/Projects/mini_project/output/S11_11a05Na_1.wav,0,26560,S11,1
S11_11a05Na_2,1.66,/Users/adityakumar/Developer/Projects/mini_project/output/S11_11a05Na_2.wav,0,26560,S11,1
S11_11a05Td_1,1.89,/Users/adityakumar/Developer/Projects/mini_project/output/S11_11a05Td_1.wav,0,30240,S11,6
S11_11a05Td_2,1.89,/Users/adityakumar/Developer/Projects/mini_project/output/S11_11a05Td_2.wav,0,30240,S11,6
S11_11a05Td_3,1.89,/Users/adityakumar/Developer/Projects/mini_project/output/S11_11a05Td_3.wav,0,30240,S11,6
S11_11a05Wd_1,1.35,/Users/adityakumar/Developer/Projects/mini_project/output/S11_11a05Wd_1.wav,0,21600,S11,2
S11_11a05Wd_2,1.35,/Users/adityakumar/Developer/Projects/mini_project/output/S11_11a05Wd_2.wav,0,21600,S11,2
S11_11a05Wd_3,1.35,/Users/adityakumar/Developer/Projects/mini_project/output/S11_11a05Wd_3.wav,0,21600,S11,2
S11_11a07Ta_1,1.08,/Users/adityakumar/Developer/Projects/mini_project/output/S11_11a07Ta_1.wav,0,17280,S11,6
S11_11a07Ta_2,1.08,/Users/adityakumar/Developer/Projects/mini_project/output/S11_11a07Ta_2.wav,0,17280,S11,6
S11_11a07Wc_1,1.12,/Users/adityakumar/Developer/Projects/mini_project/output/S11_11a07Wc_1.wav,0,17920,S11,2
S11_11a07Wc_2,1.12,/Users/adityakumar/Developer/Projects/mini_project/output/S11_11a07Wc_2.wav,0,17920,S11,2
S11_11b01Ab_1,1.01,/Users/adityakumar/Developer/Projects/mini_project/output/S11_11b01Ab_1.wav,0,16160,S11,3
S11_11b01Ab_2,1.01,/Users/adityakumar/Developer/Projects/mini_project/output/S11_11b01Ab_2.wav,0,16160,S11,3
S11_11b01Eb_1,1.53,/Users/adityakumar/Developer/Projects/mini_project/output/S11_11b01Eb_1.wav,0,24480,S11,5
S11_11b01Eb_2,1.53,/Users/adityakumar/Developer/Projects/mini_project/output/S11_11b01Eb_2.wav,0,24480,S11,5
S11_11b01Fc_1,1.28,/Users/adityakumar/Developer/Projects/mini_project/output/S11_11b01Fc_1.wav,0,20480,S11,0
S11_11b01Fc_2,1.28,/Users/adityakumar/Developer/Projects/mini_project/output/S11_11b01Fc_2.wav,0,20480,S11,0
S11_11b01Lb_1,1.4,/Users/adityakumar/Developer/Projects/mini_project/output/S11_11b01Lb_1.wav,0,22400,S11,4
S11_11b01Lb_2,1.4,/Users/adityakumar/Developer/Projects/mini_project/output/S11_11b01Lb_2.wav,0,22400,S11,4
S11_11b01Nc_1,1.11,/Users/adityakumar/Developer/Projects/mini_project/output/S11_11b01Nc_1.wav,0,17760,S11,1
S11_11b01Nc_2,1.11,/Users/adityakumar/Developer/Projects/mini_project/output/S11_11b01Nc_2.wav,0,17760,S11,1
S11_11b01Wd_1,1.41,/Users/adityakumar/Developer/Projects/mini_project/output/S11_11b01Wd_1.wav,0,22560,S11,2
S11_11b01Wd_2,1.41,/Users/adityakumar/Developer/Projects/mini_project/output/S11_11b01Wd_2.wav,0,22560,S11,2
S11_11b02Ab_1,1.24,/Users/adityakumar/Developer/Projects/mini_project/output/S11_11b02Ab_1.wav,0,19840,S11,3
S11_11b02Ab_2,1.24,/Users/adityakumar/Developer/Projects/mini_project/output/S11_11b02Ab_2.wav,0,19840,S11,3
S11_11b02Fd_1,1.56,/Users/adityakumar/Developer/Projects/mini_project/output/S11_11b02Fd_1.wav,0,24960,S11,0
S11_11b02Fd_2,1.56,/Users/adityakumar/Developer/Projects/mini_project/output/S11_11b02Fd_2.wav,0,24960,S11,0
S11_11b02Na_1,1.35,/Users/adityakumar/Developer/Projects/mini_project/output/S11_11b02Na_1.wav,0,21600,S11,1
S11_11b02Na_2,1.35,/Users/adityakumar/Developer/Projects/mini_project/output/S11_11b02Na_2.wav,0,21600,S11,1
S11_11b02Td_1,1.8,/Users/adityakumar/Developer/Projects/mini_project/output/S11_11b02Td_1.wav,0,28800,S11,6
S11_11b02Td_2,1.8,/Users/adityakumar/Developer/Projects/mini_project/output/S11_11b02Td_2.wav,0,28800,S11,6
S11_11b02Wb_1,1.62,/Users/adityakumar/Developer/Projects/mini_project/output/S11_11b02Wb_1.wav,0,25920,S11,2
S11_11b02Wb_2,1.62,/Users/adityakumar/Developer/Projects/mini_project/output/S11_11b02Wb_2.wav,0,25920,S11,2
S11_11b03Fc_1,1.91,/Users/adityakumar/Developer/Projects/mini_project/output/S11_11b03Fc_1.wav,0,30560,S11,0
S11_11b03Fc_2,1.91,/Users/adityakumar/Developer/Projects/mini_project/output/S11_11b03Fc_2.wav,0,30560,S11,0
S11_11b03Lc_1,1.48,/Users/adityakumar/Developer/Projects/mini_project/output/S11_11b03Lc_1.wav,0,23680,S11,4
S11_11b03Lc_2,1.48,/Users/adityakumar/Developer/Projects/mini_project/output/S11_11b03Lc_2.wav,0,23680,S11,4
S11_11b03Lc_3,1.48,/Users/adityakumar/Developer/Projects/mini_project/output/S11_11b03Lc_3.wav,0,23680,S11,4
S11_11b03Nb_1,1.81,/Users/adityakumar/Developer/Projects/mini_project/output/S11_11b03Nb_1.wav,0,28960,S11,1
S11_11b03Nb_2,1.81,/Users/adityakumar/Developer/Projects/mini_project/output/S11_11b03Nb_2.wav,0,28960,S11,1
S11_11b03Td_1,1.97,/Users/adityakumar/Developer/Projects/mini_project/output/S11_11b03Td_1.wav,0,31520,S11,6
S11_11b03Td_2,1.97,/Users/adityakumar/Developer/Projects/mini_project/output/S11_11b03Td_2.wav,0,31520,S11,6
S11_11b03Td_3,1.97,/Users/adityakumar/Developer/Projects/mini_project/output/S11_11b03Td_3.wav,0,31520,S11,6
S11_11b03Wa_1,1.35,/Users/adityakumar/Developer/Projects/mini_project/output/S11_11b03Wa_1.wav,0,21600,S11,2
S11_11b03Wa_2,1.35,/Users/adityakumar/Developer/Projects/mini_project/output/S11_11b03Wa_2.wav,0,21600,S11,2
S11_11b03Wa_3,1.35,/Users/adityakumar/Developer/Projects/mini_project/output/S11_11b03Wa_3.wav,0,21600,S11,2
S11_11b03Wb_1,1.74,/Users/adityakumar/Developer/Projects/mini_project/output/S11_11b03Wb_1.wav,0,27840,S11,2
S11_11b03Wb_2,1.74,/Users/adityakumar/Developer/Projects/mini_project/output/S11_11b03Wb_2.wav,0,27840,S11,2
S11_11b03Wb_3,1.74,/Users/adityakumar/Developer/Projects/mini_project/output/S11_11b03Wb_3.wav,0,27840,S11,2
S11_11b09Ad_1,1.38,/Users/adityakumar/Developer/Projects/mini_project/output/S11_11b09Ad_1.wav,0,22080,S11,3
S11_11b09Ad_2,1.38,/Users/adityakumar/Developer/Projects/mini_project/output/S11_11b09Ad_2.wav,0,22080,S11,3
S11_11b09Fd_1,1.52,/Users/adityakumar/Developer/Projects/mini_project/output/S11_11b09Fd_1.wav,0,24320,S11,0
S11_11b09Fd_2,1.52,/Users/adityakumar/Developer/Projects/mini_project/output/S11_11b09Fd_2.wav,0,24320,S11,0
S11_11b09Ld_1,1.69,/Users/adityakumar/Developer/Projects/mini_project/output/S11_11b09Ld_1.wav,0,27040,S11,4
S11_11b09Ld_2,1.69,/Users/adityakumar/Developer/Projects/mini_project/output/S11_11b09Ld_2.wav,0,27040,S11,4
S11_11b09Na_1,1.21,/Users/adityakumar/Developer/Projects/mini_project/output/S11_11b09Na_1.wav,0,19360,S11,1
S11_11b09Na_2,1.21,/Users/adityakumar/Developer/Projects/mini_project/output/S11_11b09Na_2.wav,0,19360,S11,1
S11_11b09Td_1,1.63,/Users/adityakumar/Developer/Projects/mini_project/output/S11_11b09Td_1.wav,0,26080,S11,6
S11_11b09Td_2,1.63,/Users/adityakumar/Developer/Projects/mini_project/output/S11_11b09Td_2.wav,0,26080,S11,6
S11_11b09Td_3,1.63,/Users/adityakumar/Developer/Projects/mini_project/output/S11_11b09Td_3.wav,0,26080,S11,6
S11_11b09Wa_1,1.91,/Users/adityakumar/Developer/Projects/mini_project/output/S11_11b09Wa_1.wav,0,30560,S11,2
S11_11b09Wa_2,1.91,/Users/adityakumar/Developer/Projects/mini_project/output/S11_11b09Wa_2.wav,0,30560,S11,2
S11_11b10Ad_1,1.22,/Users/adityakumar/Developer/Projects/mini_project/output/S11_11b10Ad_1.wav,0,19520,S11,3
S11_11b10Ad_2,1.22,/Users/adityakumar/Developer/Projects/mini_project/output/S11_11b10Ad_2.wav,0,19520,S11,3
S11_11b10Ae_1,1.47,/Users/adityakumar/Developer/Projects/mini_project/output/S11_11b10Ae_1.wav,0,23520,S11,3
S11_11b10Ae_2,1.47,/Users/adityakumar/Developer/Projects/mini_project/output/S11_11b10Ae_2.wav,0,23520,S11,3
S11_11b10Ld_1,1.66,/Users/adityakumar/Developer/Projects/mini_project/output/S11_11b10Ld_1.wav,0,26560,S11,4
S11_11b10Ld_2,1.66,/Users/adityakumar/Developer/Projects/mini_project/output/S11_11b10Ld_2.wav,0,26560,S11,4
S11_11b10Nc_1,1.07,/Users/adityakumar/Developer/Projects/mini_project/output/S11_11b10Nc_1.wav,0,17120,S11,1
S11_11b10Nc_2,1.07,/Users/adityakumar/Developer/Projects/mini_project/output/S11_11b10Nc_2.wav,0,17120,S11,1
S11_11b10Td_1,1.94,/Users/adityakumar/Developer/Projects/mini_project/output/S11_11b10Td_1.wav,0,31040,S11,6
S11_11b10Td_2,1.94,/Users/adityakumar/Developer/Projects/mini_project/output/S11_11b10Td_2.wav,0,31040,S11,6
S11_11b10Wa_1,1.44,/Users/adityakumar/Developer/Projects/mini_project/output/S11_11b10Wa_1.wav,0,23040,S11,2
S11_11b10Wa_2,1.44,/Users/adityakumar/Developer/Projects/mini_project/output/S11_11b10Wa_2.wav,0,23040,S11,2
S12_12a01Wc_1,1.18,/Users/adityakumar/Developer/Projects/mini_project/output/S12_12a01Wc_1.wav,0,18880,S12,2
S12_12a01Wc_2,1.18,/Users/adityakumar/Developer/Projects/mini_project/output/S12_12a01Wc_2.wav,0,18880,S12,2
S12_12a02Ec_1,1.65,/Users/adityakumar/Developer/Projects/mini_project/output/S12_12a02Ec_1.wav,0,26400,S12,5
S12_12a02Ec_2,1.65,/Users/adityakumar/Developer/Projects/mini_project/output/S12_12a02Ec_2.wav,0,26400,S12,5
S12_12a05Ab_1,1.62,/Users/adityakumar/Developer/Projects/mini_project/output/S12_12a05Ab_1.wav,0,25920,S12,3
S12_12a05Ab_2,1.62,/Users/adityakumar/Developer/Projects/mini_project/output/S12_12a05Ab_2.wav,0,25920,S12,3
S12_12a05Lb_1,1.91,/Users/adityakumar/Developer/Projects/mini_project/output/S12_12a05Lb_1.wav,0,30560,S12,4
S12_12a05Lb_2,1.91,/Users/adityakumar/Developer/Projects/mini_project/output/S12_12a05Lb_2.wav,0,30560,S12,4
S12_12a05Nd_1,1.59,/Users/adityakumar/Developer/Projects/mini_project/output/S12_12a05Nd_1.wav,0,25440,S12,1
S12_12a05Nd_2,1.59,/Users/adityakumar/Developer/Projects/mini_project/output/S12_12a05Nd_2.wav,0,25440,S12,1
S12_12a05Ta_1,1.79,/Users/adityakumar/Developer/Projects/mini_project/output/S12_12a05Ta_1.wav,0,28640,S12,6
S12_12a05Ta_2,1.79,/Users/adityakumar/Developer/Projects/mini_project/output/S12_12a05Ta_2.wav,0,28640,S12,6
S12_12a05Ta_3,1.79,/Users/adityakumar/Developer/Projects/mini_project/output/S12_12a05Ta_3.wav,0,28640,S12,6
S12_12a05Wb_1,1.74,/Users/adityakumar/Developer/Projects/mini_project/output/S12_12a05Wb_1.wav,0,27840,S12,2
S12_12a05Wb_2,1.74,/Users/adityakumar/Developer/Projects/mini_project/output/S12_12a05Wb_2.wav,0,27840,S12,2
S12_12a07La_1,1.18,/Users/adityakumar/Developer/Projects/mini_project/output/S12_12a07La_1.wav,0,18880,S12,4
S12_12a07La_2,1.18,/Users/adityakumar/Developer/Projects/mini_project/output/S12_12a07La_2.wav,0,18880,S12,4
S12_12a07Wa_1,1.17,/Users/adityakumar/Developer/Projects/mini_project/output/S12_12a07Wa_1.wav,0,18720,S12,2
S12_12a07Wa_2,1.17,/Users/adityakumar/Developer/Projects/mini_project/output/S12_12a07Wa_2.wav,0,18720,S12,2
S12_12b01Ta_1,2.0,/Users/adityakumar/Developer/Projects/mini_project/output/S12_12b01Ta_1.wav,0,32000,S12,6
S12_12b01Ta_2,2.0,/Users/adityakumar/Developer/Projects/mini_project/output/S12_12b01Ta_2.wav,0,32000,S12,6
S12_12b01Wa_1,1.12,/Users/adityakumar/Developer/Projects/mini_project/output/S12_12b01Wa_1.wav,0,17920,S12,2
S12_12b01Wa_2,1.12,/Users/adityakumar/Developer/Projects/mini_project/output/S12_12b01Wa_2.wav,0,17920,S12,2
S12_12b02Ad_1,1.12,/Users/adityakumar/Developer/Projects/mini_project/output/S12_12b02Ad_1.wav,0,17920,S12,3
S12_12b02Ad_2,1.12,/Users/adityakumar/Developer/Projects/mini_project/output/S12_12b02Ad_2.wav,0,17920,S12,3
S12_12b02Ea_1,1.86,/Users/adityakumar/Developer/Projects/mini_project/output/S12_12b02Ea_1.wav,0,29760,S12,5
S12_12b02Ea_2,1.86,/Users/adityakumar/Developer/Projects/mini_project/output/S12_12b02Ea_2.wav,0,29760,S12,5
S12_12b02Ea_3,1.86,/Users/adityakumar/Developer/Projects/mini_project/output/S12_12b02Ea_3.wav,0,29760,S12,5
S12_12b02Fb_1,1.65,/Users/adityakumar/Developer/Projects/mini_project/output/S12_12b02Fb_1.wav,0,26400,S12,0
S12_12b02Fb_2,1.65,/Users/adityakumar/Developer/Projects/mini_project/output/S12_12b02Fb_2.wav,0,26400,S12,0
S12_12b02Na_1,1.49,/Users/adityakumar/Developer/Projects/mini_project/output/S12_12b02Na_1.wav,0,23840,S12,1
S12_12b02Na_2,1.49,/Users/adityakumar/Developer/Projects/mini_project/output/S12_12b02Na_2.wav,0,23840,S12,1
S12_12b02Wa_1,1.39,/Users/adityakumar/Developer/Projects/mini_project/output/S12_12b02Wa_1.wav,0,22240,S12,2
S12_12b02Wa_2,1.39,/Users/adityakumar/Developer/Projects/mini_project/output/S12_12b02Wa_2.wav,0,22240,S12,2
S12_12b02Wb_1,1.4,/Users/adityakumar/Developer/Projects/mini_project/output/S12_12b02Wb_1.wav,0,22400,S12,2
S12_12b02Wb_2,1.4,/Users/adityakumar/Developer/Projects/mini_project/output/S12_12b02Wb_2.wav,0,22400,S12,2
S12_12b02Wd_1,1.32,/Users/adityakumar/Developer/Projects/mini_project/output/S12_12b02Wd_1.wav,0,21120,S12,2
S12_12b02Wd_2,1.32,/Users/adityakumar/Developer/Projects/mini_project/output/S12_12b02Wd_2.wav,0,21120,S12,2
S12_12b03La_1,1.97,/Users/adityakumar/Developer/Projects/mini_project/output/S12_12b03La_1.wav,0,31520,S12,4
S12_12b03La_2,1.97,/Users/adityakumar/Developer/Projects/mini_project/output/S12_12b03La_2.wav,0,31520,S12,4
S12_12b03Ta_1,2.0,/Users/adityakumar/Developer/Projects/mini_project/output/S12_12b03Ta_1.wav,0,32000,S12,6
S12_12b03Ta_2,2.0,/Users/adityakumar/Developer/Projects/mini_project/output/S12_12b03Ta_2.wav,0,32000,S12,6
S12_12b03Ta_3,2.0,/Users/adityakumar/Developer/Projects/mini_project/output/S12_12b03Ta_3.wav,0,32000,S12,6
S12_12b09Ac_1,1.24,/Users/adityakumar/Developer/Projects/mini_project/output/S12_12b09Ac_1.wav,0,19840,S12,3
S12_12b09Ac_2,1.24,/Users/adityakumar/Developer/Projects/mini_project/output/S12_12b09Ac_2.wav,0,19840,S12,3
S12_12b09Td_1,1.8,/Users/adityakumar/Developer/Projects/mini_project/output/S12_12b09Td_1.wav,0,28800,S12,6
S12_12b09Td_2,1.8,/Users/adityakumar/Developer/Projects/mini_project/output/S12_12b09Td_2.wav,0,28800,S12,6
S12_12b09Td_3,1.8,/Users/adityakumar/Developer/Projects/mini_project/output/S12_12b09Td_3.wav,0,28800,S12,6
S12_12b09Wc_1,1.22,/Users/adityakumar/Developer/Projects/mini_project/output/S12_12b09Wc_1.wav,0,19520,S12,2
S12_12b09Wc_2,1.22,/Users/adityakumar/Developer/Projects/mini_project/output/S12_12b09Wc_2.wav,0,19520,S12,2
S12_12b10Ac_1,1.02,/Users/adityakumar/Developer/Projects/mini_project/output/S12_12b10Ac_1.wav,0,16320,S12,3
S12_12b10Ac_2,1.02,/Users/adityakumar/Developer/Projects/mini_project/output/S12_12b10Ac_2.wav,0,16320,S12,3
S12_12b10Ld_1,1.51,/Users/adityakumar/Developer/Projects/mini_project/output/S12_12b10Ld_1.wav,0,24160,S12,4
S12_12b10Ld_2,1.51,/Users/adityakumar/Developer/Projects/mini_project/output/S12_12b10Ld_2.wav,0,24160,S12,4
S12_12b10Wa_1,1.27,/Users/adityakumar/Developer/Projects/mini_project/output/S12_12b10Wa_1.wav,0,20320,S12,2
S12_12b10Wa_2,1.27,/Users/adityakumar/Developer/Projects/mini_project/output/S12_12b10Wa_2.wav,0,20320,S12,2
S13_13a01Ec_1,1.16,/Users/adityakumar/Developer/Projects/mini_project/output/S13_13a01Ec_1.wav,0,18560,S13,5
S13_13a01Ec_2,1.16,/Users/adityakumar/Developer/Projects/mini_project/output/S13_13a01Ec_2.wav,0,18560,S13,5
S13_13a01Lb_1,1.0,/Users/adityakumar/Developer/Projects/mini_project/output/S13_13a01Lb_1.wav,0,16000,S13,4
S13_13a01Lb_2,1.0,/Users/adityakumar/Developer/Projects/mini_project/output/S13_13a01Lb_2.wav,0,16000,S13,4
S13_13a01Wb_1,1.18,/Users/adityakumar/Developer/Projects/mini_project/output/S13_13a01Wb_1.wav,0,18880,S13,2
S13_13a01Wb_2,1.18,/Users/adityakumar/Developer/Projects/mini_project/output/S13_13a01Wb_2.wav,0,18880,S13,2
S13_13a02Ec_1,1.07,/Users/adityakumar/Developer/Projects/mini_project/output/S13_13a02Ec_1.wav,0,17120,S13,5
S13_13a02Ec_2,1.07,/Users/adityakumar/Developer/Projects/mini_project/output/S13_13a02Ec_2.wav,0,17120,S13,5
S13_13a02Fa_1,1.04,/Users/adityakumar/Developer/Projects/mini_project/output/S13_13a02Fa_1.wav,0,16640,S13,0
S13_13a02Fa_2,1.04,/Users/adityakumar/Developer/Projects/mini_project/output/S13_13a02Fa_2.wav,0,16640,S13,0
S13_13a04Lb_1,1.12,/Users/adityakumar/Developer/Projects/mini_project/output/S13_13a04Lb_1.wav,0,17920,S13,4
S13_13a04Lb_2,1.12,/Users/adityakumar/Developer/Projects/mini_project/output/S13_13a04Lb_2.wav,0,17920,S13,4
S13_13a04Ta_1,1.43,/Users/adityakumar/Developer/Projects/mini_project/output/S13_13a04Ta_1.wav,0,22880,S13,6
S13_13a04Ta_2,1.43,/Users/adityakumar/Developer/Projects/mini_project/output/S13_13a04Ta_2.wav,0,22880,S13,6
S13_13a05Aa_1,1.4,/Users/adityakumar/Developer/Projects/mini_project/output/S13_13a05Aa_1.wav,0,22400,S13,3
S13_13a05Aa_2,1.4,/Users/adityakumar/Developer/Projects/mini_project/output/S13_13a05Aa_2.wav,0,22400,S13,3
S13_13a05Ea_1,1.4,/Users/adityakumar/Developer/Projects/mini_project/output/S13_13a05Ea_1.wav,0,22400,S13,5
S13_13a05Ea_2,1.4,/Users/adityakumar/Developer/Projects/mini_project/output/S13_13a05Ea_2.wav,0,22400,S13,5
S13_13a05Ea_3,1.4,/Users/adityakumar/Developer/Projects/mini_project/output/S13_13a05Ea_3.wav,0,22400,S13,5
S13_13a05Lc_1,1.68,/Users/adityakumar/Developer/Projects/mini_project/output/S13_13a05Lc_1.wav,0,26880,S13,4
S13_13a05Lc_2,1.68,/Users/adityakumar/Developer/Projects/mini_project/output/S13_13a05Lc_2.wav,0,26880,S13,4
S13_13a05Nb_1,1.59,/Users/adityakumar/Developer/Projects/mini_project/output/S13_13a05Nb_1.wav,0,25440,S13,1
S13_13a05Nb_2,1.59,/Users/adityakumar/Developer/Projects/mini_project/output/S13_13a05Nb_2.wav,0,25440,S13,1
S13_13a05Tc_1,1.48,/Users/adityakumar/Developer/Projects/mini_project/output/S13_13a05Tc_1.wav,0,23680,S13,6
S13_13a05Tc_2,1.48,/Users/adityakumar/Developer/Projects/mini_project/output/S13_13a05Tc_2.wav,0,23680,S13,6
S13_13a05Tc_3,1.48,/Users/adityakumar/Developer/Projects/mini_project/output/S13_13a05Tc_3.wav,0,23680,S13,6
S13_13a05Wa_1,1.44,/Users/adityakumar/Developer/Projects/mini_project/output/S13_13a05Wa_1.wav,0,23040,S13,2
S13_13a05Wa_2,1.44,/Users/adityakumar/Developer/Projects/mini_project/output/S13_13a05Wa_2.wav,0,23040,S13,2
S13_13a05Wc_1,1.69,/Users/adityakumar/Developer/Projects/mini_project/output/S13_13a05Wc_1.wav,0,27040,S13,2
S13_13a05Wc_2,1.7,/Users/adityakumar/Developer/Projects/mini_project/output/S13_13a05Wc_2.wav,0,27200,S13,2
S13_13a07Fd_1,1.01,/Users/adityakumar/Developer/Projects/mini_project/output/S13_13a07Fd_1.wav,0,16160,S13,0
S13_13a07Fd_2,1.01,/Users/adityakumar/Developer/Projects/mini_project/output/S13_13a07Fd_2.wav,0,16160,S13,0
S13_13a07Lb_1,1.13,/Users/adityakumar/Developer/Projects/mini_project/output/S13_13a07Lb_1.wav,0,18080,S13,4
S13_13a07Lb_2,1.13,/Users/adityakumar/Developer/Projects/mini_project/output/S13_13a07Lb_2.wav,0,18080,S13,4
S13_13a07Tc_1,1.17,/Users/adityakumar/Developer/Projects/mini_project/output/S13_13a07Tc_1.wav,0,18720,S13,6
S13_13a07Tc_2,1.17,/Users/adityakumar/Developer/Projects/mini_project/output/S13_13a07Tc_2.wav,0,18720,S13,6
S13_13a07Wb_1,1.13,/Users/adityakumar/Developer/Projects/mini_project/output/S13_13a07Wb_1.wav,0,18080,S13,2
S13_13a07Wb_2,1.13,/Users/adityakumar/Developer/Projects/mini_project/output/S13_13a07Wb_2.wav,0,18080,S13,2
S13_13b01Ab_1,1.11,/Users/adityakumar/Developer/Projects/mini_project/output/S13_13b01Ab_1.wav,0,17760,S13,3
S13_13b01Ab_2,1.11,/Users/adityakumar/Developer/Projects/mini_project/output/S13_13b01Ab_2.wav,0,17760,S13,3
S13_13b01Ec_1,1.55,/Users/adityakumar/Developer/Projects/mini_project/output/S13_13b01Ec_1.wav,0,24800,S13,5
S13_13b01Ec_2,1.55,/Users/adityakumar/Developer/Projects/mini_project/output/S13_13b01Ec_2.wav,0,24800,S13,5
S13_13b01Fc_1,1.32,/Users/adityakumar/Developer/Projects/mini_project/output/S13_13b01Fc_1.wav,0,21120,S13,0
S13_13b01Fc_2,1.32,/Users/adityakumar/Developer/Projects/mini_project/output/S13_13b01Fc_2.wav,0,21120,S13,0
S13_13b01Ld_1,1.34,/Users/adityakumar/Developer/Projects/mini_project/output/S13_13b01Ld_1.wav,0,21440,S13,4
S13_13b01Ld_2,1.34,/Users/adityakumar/Developer/Projects/mini_project/output/S13_13b01Ld_2.wav,0,21440,S13,4
S13_13b01Nc_1,1.22,/Users/adityakumar/Developer/Projects/mini_project/output/S13_13b01Nc_1.wav,0,19520,S13,1
S13_13b01Nc_2,1.22,/Users/adityakumar/Developer/Projects/mini_project/output/S13_13b01Nc_2.wav,0,19520,S13,1
S13_13b01Wa_1,1.13,/Users/adityakumar/Developer/Projects/mini_project/output/S13_13b01Wa_1.wav,0,18080,S13,2
S13_13b01Wa_2,1.13,/Users/adityakumar/Developer/Projects/mini_project/output/S13_13b01Wa_2.wav,0,18080,S13,2
S13_13b02Fb_1,1.72,/Users/adityakumar/Developer/Projects/mini_project/output/S13_13b02Fb_1.wav,0,27520,S13,0
S13_13b02Fb_2,1.72,/Users/adityakumar/Developer/Projects/mini_project/output/S13_13b02Fb_2.wav,0,27520,S13,0
S13_13b02Lc_1,1.9,/Users/adityakumar/Developer/Projects/mini_project/output/S13_13b02Lc_1.wav,0,30400,S13,4
S13_13b02Lc_2,1.9,/Users/adityakumar/Developer/Projects/mini_project/output/S13_13b02Lc_2.wav,0,30400,S13,4
S13_13b02Nb_1,1.39,/Users/adityakumar/Developer/Projects/mini_project/output/S13_13b02Nb_1.wav,0,22240,S13,1
S13_13b02Nb_2,1.39,/Users/adityakumar/Developer/Projects/mini_project/output/S13_13b02Nb_2.wav,0,22240,S13,1
S13_13b02Wa_1,1.21,/Users/adityakumar/Developer/Projects/mini_project/output/S13_13b02Wa_1.wav,0,19360,S13,2
S13_13b02Wa_2,1.21,/Users/adityakumar/Developer/Projects/mini_project/output/S13_13b02Wa_2.wav,0,19360,S13,2
S13_13b03Ac_1,1.65,/Users/adityakumar/Developer/Projects/mini_project/output/S13_13b03Ac_1.wav,0,26400,S13,3
S13_13b03Ac_2,1.65,/Users/adityakumar/Developer/Projects/mini_project/output/S13_13b03Ac_2.wav,0,26400,S13,3
S13_13b03Ed_1,1.51,/Users/adityakumar/Developer/Projects/mini_project/output/S13_13b03Ed_1.wav,0,24160,S13,5
S13_13b03Ed_2,1.51,/Users/adityakumar/Developer/Projects/mini_project/output/S13_13b03Ed_2.wav,0,24160,S13,5
S13_13b03Ed_3,1.51,/Users/adityakumar/Developer/Projects/mini_project/output/S13_13b03Ed_3.wav,0,24160,S13,5
S13_13b03Fd_1,1.97,/Users/adityakumar/Developer/Projects/mini_project/output/S13_13b03Fd_1.wav,0,31520,S13,0
S13_13b03Fd_2,1.97,/Users/adityakumar/Developer/Projects/mini_project/output/S13_13b03Fd_2.wav,0,31520,S13,0
S13_13b03Lb_1,1.94,/Users/adityakumar/Developer/Projects/mini_project/output/S13_13b03Lb_1.wav,0,31040,S13,4
S13_13b03Lb_2,1.94,/Users/adityakumar/Developer/Projects/mini_project/output/S13_13b03Lb_2.wav,0,31040,S13,4
S13_13b03Na_1,1.78,/Users/adityakumar/Developer/Projects/mini_project/output/S13_13b03Na_1.wav,0,28480,S13,1
S13_13b03Na_2,1.78,/Users/adityakumar/Developer/Projects/mini_project/output/S13_13b03Na_2.wav,0,28480,S13,1
S13_13b03Td_1,1.66,/Users/adityakumar/Developer/Projects/mini_project/output/S13_13b03Td_1.wav,0,26560,S13,6
S13_13b03Td_2,1.66,/Users/adityakumar/Developer/Projects/mini_project/output/S13_13b03Td_2.wav,0,26560,S13,6
S13_13b03Td_3,1.66,/Users/adityakumar/Developer/Projects/mini_project/output/S13_13b03Td_3.wav,0,26560,S13,6
S13_13b03Wc_1,1.81,/Users/adityakumar/Developer/Projects/mini_project/output/S13_13b03Wc_1.wav,0,28960,S13,2
S13_13b03Wc_2,1.81,/Users/adityakumar/Developer/Projects/mini_project/output/S13_13b03Wc_2.wav,0,28960,S13,2
S13_13b09Ab_1,1.36,/Users/adityakumar/Developer/Projects/mini_project/output/S13_13b09Ab_1.wav,0,21760,S13,3
S13_13b09Ab_2,1.36,/Users/adityakumar/Developer/Projects/mini_project/output/S13_13b09Ab_2.wav,0,21760,S13,3
S13_13b09Ec_1,1.34,/Users/adityakumar/Developer/Projects/mini_project/output/S13_13b09Ec_1.wav,0,21440,S13,5
S13_13b09Ec_2,1.34,/Users/adityakumar/Developer/Projects/mini_project/output/S13_13b09Ec_2.wav,0,21440,S13,5
S13_13b09Fb_1,1.44,/Users/adityakumar/Developer/Projects/mini_project/output/S13_13b09Fb_1.wav,0,23040,S13,0
S13_13b09Fb_2,1.44,/Users/adityakumar/Developer/Projects/mini_project/output/S13_13b09Fb_2.wav,0,23040,S13,0
S13_13b09Fc_1,1.48,/Users/adityakumar/Developer/Projects/mini_project/output/S13_13b09Fc_1.wav,0,23680,S13,0
S13_13b09Fc_2,1.48,/Users/adityakumar/Developer/Projects/mini_project/output/S13_13b09Fc_2.wav,0,23680,S13,0
S13_13b09La_1,1.3,/Users/adityakumar/Developer/Projects/mini_project/output/S13_13b09La_1.wav,0,20800,S13,4
S13_13b09La_2,1.3,/Users/adityakumar/Developer/Projects/mini_project/output/S13_13b09La_2.wav,0,20800,S13,4
S13_13b09Na_1,1.34,/Users/adityakumar/Developer/Projects/mini_project/output/S13_13b09Na_1.wav,0,21440,S13,1
S13_13b09Na_2,1.34,/Users/adityakumar/Developer/Projects/mini_project/output/S13_13b09Na_2.wav,0,21440,S13,1
S13_13b09Wa_1,1.2,/Users/adityakumar/Developer/Projects/mini_project/output/S13_13b09Wa_1.wav,0,19200,S13,2
S13_13b09Wa_2,1.2,/Users/adityakumar/Developer/Projects/mini_project/output/S13_13b09Wa_2.wav,0,19200,S13,2
S13_13b10Ec_1,1.42,/Users/adityakumar/Developer/Projects/mini_project/output/S13_13b10Ec_1.wav,0,22720,S13,5
S13_13b10Ec_2,1.42,/Users/adityakumar/Developer/Projects/mini_project/output/S13_13b10Ec_2.wav,0,22720,S13,5
S13_13b10Fa_1,1.08,/Users/adityakumar/Developer/Projects/mini_project/output/S13_13b10Fa_1.wav,0,17280,S13,0
S13_13b10Fa_2,1.08,/Users/adityakumar/Developer/Projects/mini_project/output/S13_13b10Fa_2.wav,0,17280,S13,0
S13_13b10La_1,1.17,/Users/adityakumar/Developer/Projects/mini_project/output/S13_13b10La_1.wav,0,18720,S13,4
S13_13b10La_2,1.17,/Users/adityakumar/Developer/Projects/mini_project/output/S13_13b10La_2.wav,0,18720,S13,4
S13_13b10Nc_1,1.18,/Users/adityakumar/Developer/Projects/mini_project/output/S13_13b10Nc_1.wav,0,18880,S13,1
S13_13b10Nc_2,1.18,/Users/adityakumar/Developer/Projects/mini_project/output/S13_13b10Nc_2.wav,0,18880,S13,1
S13_13b10Wa_1,1.1,/Users/adityakumar/Developer/Projects/mini_project/output/S13_13b10Wa_1.wav,0,17600,S13,2
S13_13b10Wa_2,1.1,/Users/adityakumar/Developer/Projects/mini_project/output/S13_13b10Wa_2.wav,0,17600,S13,2
S13_13b10Wc_1,1.34,/Users/adityakumar/Developer/Projects/mini_project/output/S13_13b10Wc_1.wav,0,21440,S13,2
S13_13b10Wc_2,1.34,/Users/adityakumar/Developer/Projects/mini_project/output/S13_13b10Wc_2.wav,0,21440,S13,2
S14_14a01Ea_1,1.57,/Users/adityakumar/Developer/Projects/mini_project/output/S14_14a01Ea_1.wav,0,25120,S14,5
S14_14a01Ea_2,1.57,/Users/adityakumar/Developer/Projects/mini_project/output/S14_14a01Ea_2.wav,0,25120,S14,5
S14_14a02Ea_1,1.28,/Users/adityakumar/Developer/Projects/mini_project/output/S14_14a02Ea_1.wav,0,20480,S14,5
S14_14a02Ea_2,1.28,/Users/adityakumar/Developer/Projects/mini_project/output/S14_14a02Ea_2.wav,0,20480,S14,5
S14_14a02Tb_1,1.07,/Users/adityakumar/Developer/Projects/mini_project/output/S14_14a02Tb_1.wav,0,17120,S14,6
S14_14a02Tb_2,1.07,/Users/adityakumar/Developer/Projects/mini_project/output/S14_14a02Tb_2.wav,0,17120,S14,6
S14_14a02Wa_1,1.01,/Users/adityakumar/Developer/Projects/mini_project/output/S14_14a02Wa_1.wav,0,16160,S14,2
S14_14a02Wa_2,1.01,/Users/adityakumar/Developer/Projects/mini_project/output/S14_14a02Wa_2.wav,0,16160,S14,2
S14_14a02Wc_1,1.05,/Users/adityakumar/Developer/Projects/mini_project/output/S14_14a02Wc_1.wav,0,16800,S14,2
S14_14a02Wc_2,1.05,/Users/adityakumar/Developer/Projects/mini_project/output/S14_14a02Wc_2.wav,0,16800,S14,2
S14_14a04Ed_1,1.46,/Users/adityakumar/Developer/Projects/mini_project/output/S14_14a04Ed_1.wav,0,23360,S14,5
S14_14a04Ed_2,1.46,/Users/adityakumar/Developer/Projects/mini_project/output/S14_14a04Ed_2.wav,0,23360,S14,5
S14_14a04Tb_1,1.11,/Users/adityakumar/Developer/Projects/mini_project/output/S14_14a04Tb_1.wav,0,17760,S14,6
S14_14a04Tb_2,1.11,/Users/adityakumar/Developer/Projects/mini_project/output/S14_14a04Tb_2.wav,0,17760,S14,6
S14_14a04Tc_1,1.47,/Users/adityakumar/Developer/Projects/mini_project/output/S14_14a04Tc_1.wav,0,23520,S14,6
S14_14a04Tc_2,1.47,/Users/adityakumar/Developer/Projects/mini_project/output/S14_14a04Tc_2.wav,0,23520,S14,6
S14_14a04Wc_1,1.25,/Users/adityakumar/Developer/Projects/mini_project/output/S14_14a04Wc_1.wav,0,20000,S14,2
S14_14a04Wc_2,1.26,/Users/adityakumar/Developer/Projects/mini_project/output/S14_14a04Wc_2.wav,0,20160,S14,2
S14_14a05Aa_1,1.29,/Users/adityakumar/Developer/Projects/mini_project/output/S14_14a05Aa_1.wav,0,20640,S14,3
S14_14a05Aa_2,1.29,/Users/adityakumar/Developer/Projects/mini_project/output/S14_14a05Aa_2.wav,0,20640,S14,3
S14_14a05Ac_1,1.37,/Users/adityakumar/Developer/Projects/mini_project/output/S14_14a05Ac_1.wav,0,21920,S14,3
S14_14a05Ac_2,1.37,/Users/adityakumar/Developer/Projects/mini_project/output/S14_14a05Ac_2.wav,0,21920,S14,3
S14_14a05Ac_3,1.37,/Users/adityakumar/Developer/Projects/mini_project/output/S14_14a05Ac_3.wav,0,21920,S14,3
S14_14a05Fa_1,1.62,/Users/adityakumar/Developer/Projects/mini_project/output/S14_14a05Fa_1.wav,0,25920,S14,0
S14_14a05Fa_2,1.62,/Users/adityakumar/Developer/Projects/mini_project/output/S14_14a05Fa_2.wav,0,25920,S14,0
S14_14a05Fb_1,1.56,/Users/adityakumar/Developer/Projects/mini_project/output/S14_14a05Fb_1.wav,0,24960,S14,0
S14_14a05Fb_2,1.56,/Users/adityakumar/Developer/Projects/mini_project/output/S14_14a05Fb_2.wav,0,24960,S14,0
S14_14a05Lb_1,1.76,/Users/adityakumar/Developer/Projects/mini_project/output/S14_14a05Lb_1.wav,0,28160,S14,4
S14_14a05Lb_2,1.76,/Users/adityakumar/Developer/Projects/mini_project/output/S14_14a05Lb_2.wav,0,28160,S14,4
S14_14a05Na_1,1.53,/Users/adityakumar/Developer/Projects/mini_project/output/S14_14a05Na_1.wav,0,24480,S14,1
S14_14a05Na_2,1.53,/Users/adityakumar/Developer/Projects/mini_project/output/S14_14a05Na_2.wav,0,24480,S14,1
S14_14a05Ta_1,1.87,/Users/adityakumar/Developer/Projects/mini_project/output/S14_14a05Ta_1.wav,0,29920,S14,6
S14_14a05Ta_2,1.87,/Users/adityakumar/Developer/Projects/mini_project/output/S14_14a05Ta_2.wav,0,29920,S14,6
S14_14a05Tc_1,1.68,/Users/adityakumar/Developer/Projects/mini_project/output/S14_14a05Tc_1.wav,0,26880,S14,6
S14_14a05Tc_2,1.68,/Users/adityakumar/Developer/Projects/mini_project/output/S14_14a05Tc_2.wav,0,26880,S14,6
S14_14a05Tc_3,1.68,/Users/adityakumar/Developer/Projects/mini_project/output/S14_14a05Tc_3.wav,0,26880,S14,6
S14_14a05Wa_1,1.34,/Users/adityakumar/Developer/Projects/mini_project/output/S14_14a05Wa_1.wav,0,21440,S14,2
S14_14a05Wa_2,1.34,/Users/adityakumar/Developer/Projects/mini_project/output/S14_14a05Wa_2.wav,0,21440,S14,2
S14_14a05Wa_3,1.34,/Users/adityakumar/Developer/Projects/mini_project/output/S14_14a05Wa_3.wav,0,21440,S14,2
S14_14a05Wb_1,1.53,/Users/adityakumar/Developer/Projects/mini_project/output/S14_14a05Wb_1.wav,0,24480,S14,2
S14_14a05Wb_2,1.53,/Users/adityakumar/Developer/Projects/mini_project/output/S14_14a05Wb_2.wav,0,24480,S14,2
S14_14a07Aa_1,1.03,/Users/adityakumar/Developer/Projects/mini_project/output/S14_14a07Aa_1.wav,0,16480,S14,3
S14_14a07Aa_2,1.03,/Users/adityakumar/Developer/Projects/mini_project/output/S14_14a07Aa_2.wav,0,16480,S14,3
S14_14a07Eb_1,1.72,/Users/adityakumar/Developer/Projects/mini_project/output/S14_14a07Eb_1.wav,0,27520,S14,5
S14_14a07Eb_2,1.72,/Users/adityakumar/Developer/Projects/mini_project/output/S14_14a07Eb_2.wav,0,27520,S14,5
S14_14a07Fd_1,1.04,/Users/adityakumar/Developer/Projects/mini_project/output/S14_14a07Fd_1.wav,0,16640,S14,0
S14_14a07Fd_2,1.04,/Users/adityakumar/Developer/Projects/mini_project/output/S14_14a07Fd_2.wav,0,16640,S14,0
S14_14a07Lc_1,1.5,/Users/adityakumar/Developer/Projects/mini_project/output/S14_14a07Lc_1.wav,0,24000,S14,4
S14_14a07Lc_2,1.5,/Users/adityakumar/Developer/Projects/mini_project/output/S14_14a07Lc_2.wav,0,24000,S14,4
S14_14a07Ld_1,1.15,/Users/adityakumar/Developer/Projects/mini_project/output/S14_14a07Ld_1.wav,0,18400,S14,4
S14_14a07Ld_2,1.15,/Users/adityakumar/Developer/Projects/mini_project/output/S14_14a07Ld_2.wav,0,18400,S14,4
S14_14a07Na_1,1.05,/Users/adityakumar/Developer/Projects/mini_project/output/S14_14a07Na_1.wav,0,16800,S14,1
S14_14a07Na_2,1.05,/Users/adityakumar/Developer/Projects/mini_project/output/S14_14a07Na_2.wav,0,16800,S14,1
S14_14a07Tc_1,1.63,/Users/adityakumar/Developer/Projects/mini_project/output/S14_14a07Tc_1.wav,0,26080,S14,6
S14_14a07Tc_2,1.63,/Users/adityakumar/Developer/Projects/mini_project/output/S14_14a07Tc_2.wav,0,26080,S14,6
S14_14a07Wc_1,1.03,/Users/adityakumar/Developer/Projects/mini_project/output/S14_14a07Wc_1.wav,0,16480,S14,2
S14_14a07Wc_2,1.03,/Users/adityakumar/Developer/Projects/mini_project/output/S14_14a07Wc_2.wav,0,16480,S14,2
S14_14b01Ac_1,1.17,/Users/adityakumar/Developer/Projects/mini_project/output/S14_14b01Ac_1.wav,0,18720,S14,3
S14_14b01Ac_2,1.17,/Users/adityakumar/Developer/Projects/mini_project/output/S14_14b01Ac_2.wav,0,18720,S14,3
S14_14b01Eb_1,1.65,/Users/adityakumar/Developer/Projects/mini_project/output/S14_14b01Eb_1.wav,0,26400,S14,5
S14_14b01Eb_2,1.65,/Users/adityakumar/Developer/Projects/mini_project/output/S14_14b01Eb_2.wav,0,26400,S14,5
S14_14b01Fa_1,1.28,/Users/adityakumar/Developer/Projects/mini_project/output/S14_14b01Fa_1.wav,0,20480,S14,0
S14_14b01Fa_2,1.28,/Users/adityakumar/Developer/Projects/mini_project/output/S14_14b01Fa_2.wav,0,20480,S14,0
S14_14b01Fc_1,1.27,/Users/adityakumar/Developer/Projects/mini_project/output/S14_14b01Fc_1.wav,0,20320,S14,0
S14_14b01Fc_2,1.27,/Users/adityakumar/Developer/Projects/mini_project/output/S14_14b01Fc_2.wav,0,20320,S14,0
S14_14b01Na_1,1.29,/Users/adityakumar/Developer/Projects/mini_project/output/S14_14b01Na_1.wav,0,20640,S14,1
S14_14b01Na_2,1.29,/Users/adityakumar/Developer/Projects/mini_project/output/S14_14b01Na_2.wav,0,20640,S14,1
S14_14b01Wc_1,1.48,/Users/adityakumar/Developer/Projects/mini_project/output/S14_14b01Wc_1.wav,0,23680,S14,2
S14_14b01Wc_2,1.48,/Users/adityakumar/Developer/Projects/mini_project/output/S14_14b01Wc_2.wav,0,23680,S14,2
S14_14b02Aa_1,1.42,/Users/adityakumar/Developer/Projects/mini_project/output/S14_14b02Aa_1.wav,0,22720,S14,3
S14_14b02Aa_2,1.42,/Users/adityakumar/Developer/Projects/mini_project/output/S14_14b02Aa_2.wav,0,22720,S14,3
S14_14b02Fb_1,1.42,/Users/adityakumar/Developer/Projects/mini_project/output/S14_14b02Fb_1.wav,0,22720,S14,0
S14_14b02Fb_2,1.42,/Users/adityakumar/Developer/Projects/mini_project/output/S14_14b02Fb_2.wav,0,22720,S14,0
S14_14b02Na_1,1.45,/Users/adityakumar/Developer/Projects/mini_project/output/S14_14b02Na_1.wav,0,23200,S14,1
S14_14b02Na_2,1.45,/Users/adityakumar/Developer/Projects/mini_project/output/S14_14b02Na_2.wav,0,23200,S14,1
S14_14b02Tc_1,1.55,/Users/adityakumar/Developer/Projects/mini_project/output/S14_14b02Tc_1.wav,0,24800,S14,6
S14_14b02Tc_2,1.55,/Users/adityakumar/Developer/Projects/mini_project/output/S14_14b02Tc_2.wav,0,24800,S14,6
S14_14b02Tc_3,1.55,/Users/adityakumar/Developer/Projects/mini_project/output/S14_14b02Tc_3.wav,0,24800,S14,6
S14_14b02Tc_4,1.55,/Users/adityakumar/Developer/Projects/mini_project/output/S14_14b02Tc_4.wav,0,24800,S14,6
S14_14b02Wb_1,1.37,/Users/adityakumar/Developer/Projects/mini_project/output/S14_14b02Wb_1.wav,0,21920,S14,2
S14_14b02Wb_2,1.37,/Users/adityakumar/Developer/Projects/mini_project/output/S14_14b02Wb_2.wav,0,21920,S14,2
S14_14b02Wd_1,1.15,/Users/adityakumar/Developer/Projects/mini_project/output/S14_14b02Wd_1.wav,0,18400,S14,2
S14_14b02Wd_2,1.15,/Users/adityakumar/Developer/Projects/mini_project/output/S14_14b02Wd_2.wav,0,18400,S14,2
S14_14b03Ad_1,1.75,/Users/adityakumar/Developer/Projects/mini_project/output/S14_14b03Ad_1.wav,0,28000,S14,3
S14_14b03Ad_2,1.75,/Users/adityakumar/Developer/Projects/mini_project/output/S14_14b03Ad_2.wav,0,28000,S14,3
S14_14b03Ed_1,1.68,/Users/adityakumar/Developer/Projects/mini_project/output/S14_14b03Ed_1.wav,0,26880,S14,5
S14_14b03Ed_2,1.68,/Users/adityakumar/Developer/Projects/mini_project/output/S14_14b03Ed_2.wav,0,26880,S14,5
S14_14b03Ed_3,1.68,/Users/adityakumar/Developer/Projects/mini_project/output/S14_14b03Ed_3.wav,0,26880,S14,5
S14_14b03Lb_1,1.79,/Users/adityakumar/Developer/Projects/mini_project/output/S14_14b03Lb_1.wav,0,28640,S14,4
S14_14b03Lb_2,1.79,/Users/adityakumar/Developer/Projects/mini_project/output/S14_14b03Lb_2.wav,0,28640,S14,4
S14_14b03Ta_1,1.83,/Users/adityakumar/Developer/Projects/mini_project/output/S14_14b03Ta_1.wav,0,29280,S14,6
S14_14b03Ta_2,1.83,/Users/adityakumar/Developer/Projects/mini_project/output/S14_14b03Ta_2.wav,0,29280,S14,6
S14_14b03Ta_3,1.83,/Users/adityakumar/Developer/Projects/mini_project/output/S14_14b03Ta_3.wav,0,29280,S14,6
S14_14b03Wb_1,1.94,/Users/adityakumar/Developer/Projects/mini_project/output/S14_14b03Wb_1.wav,0,31040,S14,2
S14_14b03Wb_2,1.94,/Users/adityakumar/Developer/Projects/mini_project/output/S14_14b03Wb_2.wav,0,31040,S14,2
S14_14b09Ac_1,1.14,/Users/adityakumar/Developer/Projects/mini_project/output/S14_14b09Ac_1.wav,0,18240,S14,3
S14_14b09Ac_2,1.14,/Users/adityakumar/Developer/Projects/mini_project/output/S14_14b09Ac_2.wav,0,18240,S14,3
S14_14b09Ea_1,1.41,/Users/adityakumar/Developer/Projects/mini_project/output/S14_14b09Ea_1.wav,0,22560,S14,5
S14_14b09Ea_2,1.41,/Users/adityakumar/Developer/Projects/mini_project/output/S14_14b09Ea_2.wav,0,22560,S14,5
S14_14b09Ea_3,1.41,/Users/adityakumar/Developer/Projects/mini_project/output/S14_14b09Ea_3.wav,0,22560,S14,5
S14_14b09Fc_1,1.26,/Users/adityakumar/Developer/Projects/mini_project/output/S14_14b09Fc_1.wav,0,20160,S14,0
S14_14b09Fc_2,1.26,/Users/adityakumar/Developer/Projects/mini_project/output/S14_14b09Fc_2.wav,0,20160,S14,0
S14_14b09Lb_1,1.53,/Users/adityakumar/Developer/Projects/mini_project/output/S14_14b09Lb_1.wav,0,24480,S14,4
S14_14b09Lb_2,1.53,/Users/adityakumar/Developer/Projects/mini_project/output/S14_14b09Lb_2.wav,0,24480,S14,4
S14_14b09Td_1,1.88,/Users/adityakumar/Developer/Projects/mini_project/output/S14_14b09Td_1.wav,0,30080,S14,6
S14_14b09Td_2,1.88,/Users/adityakumar/Developer/Projects/mini_project/output/S14_14b09Td_2.wav,0,30080,S14,6
S14_14b09Wa_1,1.77,/Users/adityakumar/Developer/Projects/mini_project/output/S14_14b09Wa_1.wav,0,28320,S14,2
S14_14b09Wa_2,1.77,/Users/adityakumar/Developer/Projects/mini_project/output/S14_14b09Wa_2.wav,0,28320,S14,2
S14_14b09Wc_1,1.39,/Users/adityakumar/Developer/Projects/mini_project/output/S14_14b09Wc_1.wav,0,22240,S14,2
S14_14b09Wc_2,1.39,/Users/adityakumar/Developer/Projects/mini_project/output/S14_14b09Wc_2.wav,0,22240,S14,2
S14_14b10Eb_1,1.84,/Users/adityakumar/Developer/Projects/mini_project/output/S14_14b10Eb_1.wav,0,29440,S14,5
S14_14b10Eb_2,1.84,/Users/adityakumar/Developer/Projects/mini_project/output/S14_14b10Eb_2.wav,0,29440,S14,5
S14_14b10Lb_1,1.07,/Users/adityakumar/Developer/Projects/mini_project/output/S14_14b10Lb_1.wav,0,17120,S14,4
S14_14b10Lb_2,1.07,/Users/adityakumar/Developer/Projects/mini_project/output/S14_14b10Lb_2.wav,0,17120,S14,4
S14_14b10Nb_1,1.03,/Users/adityakumar/Developer/Projects/mini_project/output/S14_14b10Nb_1.wav,0,16480,S14,1
S14_14b10Nb_2,1.03,/Users/adityakumar/Developer/Projects/mini_project/output/S14_14b10Nb_2.wav,0,16480,S14,1
S14_14b10Tc_1,1.71,/Users/adityakumar/Developer/Projects/mini_project/output/S14_14b10Tc_1.wav,0,27360,S14,6
S14_14b10Tc_2,1.71,/Users/adityakumar/Developer/Projects/mini_project/output/S14_14b10Tc_2.wav,0,27360,S14,6
S14_14b10Wc_1,1.33,/Users/adityakumar/Developer/Projects/mini_project/output/S14_14b10Wc_1.wav,0,21280,S14,2
S14_14b10Wc_2,1.33,/Users/adityakumar/Developer/Projects/mini_project/output/S14_14b10Wc_2.wav,0,21280,S14,2
S15_15a01Ea_1,1.28,/Users/adityakumar/Developer/Projects/mini_project/output/S15_15a01Ea_1.wav,0,20480,S15,5
S15_15a01Ea_2,1.28,/Users/adityakumar/Developer/Projects/mini_project/output/S15_15a01Ea_2.wav,0,20480,S15,5
S15_15a02Ea_1,1.22,/Users/adityakumar/Developer/Projects/mini_project/output/S15_15a02Ea_1.wav,0,19520,S15,5
S15_15a02Ea_2,1.22,/Users/adityakumar/Developer/Projects/mini_project/output/S15_15a02Ea_2.wav,0,19520,S15,5
S15_15a02Ta_1,1.13,/Users/adityakumar/Developer/Projects/mini_project/output/S15_15a02Ta_1.wav,0,18080,S15,6
S15_15a02Ta_2,1.13,/Users/adityakumar/Developer/Projects/mini_project/output/S15_15a02Ta_2.wav,0,18080,S15,6
S15_15a05Eb_1,2.0,/Users/adityakumar/Developer/Projects/mini_project/output/S15_15a05Eb_1.wav,0,32000,S15,5
S15_15a05Eb_2,2.0,/Users/adityakumar/Developer/Projects/mini_project/output/S15_15a05Eb_2.wav,0,32000,S15,5
S15_15a05Fb_1,1.35,/Users/adityakumar/Developer/Projects/mini_project/output/S15_15a05Fb_1.wav,0,21600,S15,0
S15_15a05Fb_2,1.35,/Users/adityakumar/Developer/Projects/mini_project/output/S15_15a05Fb_2.wav,0,21600,S15,0
S15_15a05Lb_1,1.66,/Users/adityakumar/Developer/Projects/mini_project/output/S15_15a05Lb_1.wav,0,26560,S15,4
S15_15a05Lb_2,1.66,/Users/adityakumar/Developer/Projects/mini_project/output/S15_15a05Lb_2.wav,0,26560,S15,4
S15_15a05Na_1,1.56,/Users/adityakumar/Developer/Projects/mini_project/output/S15_15a05Na_1.wav,0,24960,S15,1
S15_15a05Na_2,1.56,/Users/adityakumar/Developer/Projects/mini_project/output/S15_15a05Na_2.wav,0,24960,S15,1
S15_15a05Wa_1,1.55,/Users/adityakumar/Developer/Projects/mini_project/output/S15_15a05Wa_1.wav,0,24800,S15,2
S15_15a05Wa_2,1.55,/Users/adityakumar/Developer/Projects/mini_project/output/S15_15a05Wa_2.wav,0,24800,S15,2
S15_15a07Eb_1,1.2,/Users/adityakumar/Developer/Projects/mini_project/output/S15_15a07Eb_1.wav,0,19200,S15,5
S15_15a07Eb_2,1.2,/Users/adityakumar/Developer/Projects/mini_project/output/S15_15a07Eb_2.wav,0,19200,S15,5
S15_15b01Ec_1,1.49,/Users/adityakumar/Developer/Projects/mini_project/output/S15_15b01Ec_1.wav,0,23840,S15,5
S15_15b01Ec_2,1.49,/Users/adityakumar/Developer/Projects/mini_project/output/S15_15b01Ec_2.wav,0,23840,S15,5
S15_15b01Lb_1,1.16,/Users/adityakumar/Developer/Projects/mini_project/output/S15_15b01Lb_1.wav,0,18560,S15,4
S15_15b01Lb_2,1.16,/Users/adityakumar/Developer/Projects/mini_project/output/S15_15b01Lb_2.wav,0,18560,S15,4
S15_15b01Na_1,1.18,/Users/adityakumar/Developer/Projects/mini_project/output/S15_15b01Na_1.wav,0,18880,S15,1
S15_15b01Na_2,1.18,/Users/adityakumar/Developer/Projects/mini_project/output/S15_15b01Na_2.wav,0,18880,S15,1
S15_15b01Wc_1,1.32,/Users/adityakumar/Developer/Projects/mini_project/output/S15_15b01Wc_1.wav,0,21120,S15,2
S15_15b01Wc_2,1.32,/Users/adityakumar/Developer/Projects/mini_project/output/S15_15b01Wc_2.wav,0,21120,S15,2
S15_15b02Aa_1,1.48,/Users/adityakumar/Developer/Projects/mini_project/output/S15_15b02Aa_1.wav,0,23680,S15,3
S15_15b02Aa_2,1.48,/Users/adityakumar/Developer/Projects/mini_project/output/S15_15b02Aa_2.wav,0,23680,S15,3
S15_15b02Lb_1,1.48,/Users/adityakumar/Developer/Projects/mini_project/output/S15_15b02Lb_1.wav,0,23680,S15,4
S15_15b02Lb_2,1.48,/Users/adityakumar/Developer/Projects/mini_project/output/S15_15b02Lb_2.wav,0,23680,S15,4
S15_15b02Nd_1,1.4,/Users/adityakumar/Developer/Projects/mini_project/output/S15_15b02Nd_1.wav,0,22400,S15,1
S15_15b02Nd_2,1.4,/Users/adityakumar/Developer/Projects/mini_project/output/S15_15b02Nd_2.wav,0,22400,S15,1
S15_15b02Tc_1,1.95,/Users/adityakumar/Developer/Projects/mini_project/output/S15_15b02Tc_1.wav,0,31200,S15,6
S15_15b02Tc_2,1.95,/Users/adityakumar/Developer/Projects/mini_project/output/S15_15b02Tc_2.wav,0,31200,S15,6
S15_15b02Wa_1,1.38,/Users/adityakumar/Developer/Projects/mini_project/output/S15_15b02Wa_1.wav,0,22080,S15,2
S15_15b02Wa_2,1.38,/Users/adityakumar/Developer/Projects/mini_project/output/S15_15b02Wa_2.wav,0,22080,S15,2
S15_15b02Wc_1,1.31,/Users/adityakumar/Developer/Projects/mini_project/output/S15_15b02Wc_1.wav,0,20960,S15,2
S15_15b02Wc_2,1.31,/Users/adityakumar/Developer/Projects/mini_project/output/S15_15b02Wc_2.wav,0,20960,S15,2
S15_15b03Aa_1,1.31,/Users/adityakumar/Developer/Projects/mini_project/output/S15_15b03Aa_1.wav,0,20960,S15,3
S15_15b03Aa_2,1.31,/Users/adityakumar/Developer/Projects/mini_project/output/S15_15b03Aa_2.wav,0,20960,S15,3
S15_15b03Lc_1,1.83,/Users/adityakumar/Developer/Projects/mini_project/output/S15_15b03Lc_1.wav,0,29280,S15,4
S15_15b03Lc_2,1.83,/Users/adityakumar/Developer/Projects/mini_project/output/S15_15b03Lc_2.wav,0,29280,S15,4
S15_15b03Nb_1,1.6,/Users/adityakumar/Developer/Projects/mini_project/output/S15_15b03Nb_1.wav,0,25600,S15,1
S15_15b03Nb_2,1.6,/Users/adityakumar/Developer/Projects/mini_project/output/S15_15b03Nb_2.wav,0,25600,S15,1
S15_15b03Tc_1,1.78,/Users/adityakumar/Developer/Projects/mini_project/output/S15_15b03Tc_1.wav,0,28480,S15,6
S15_15b03Tc_2,1.78,/Users/adityakumar/Developer/Projects/mini_project/output/S15_15b03Tc_2.wav,0,28480,S15,6
S15_15b03Tc_3,1.78,/Users/adityakumar/Developer/Projects/mini_project/output/S15_15b03Tc_3.wav,0,28480,S15,6
S15_15b03Wa_1,1.68,/Users/adityakumar/Developer/Projects/mini_project/output/S15_15b03Wa_1.wav,0,26880,S15,2
S15_15b03Wa_2,1.68,/Users/adityakumar/Developer/Projects/mini_project/output/S15_15b03Wa_2.wav,0,26880,S15,2
S15_15b03Wb_1,1.51,/Users/adityakumar/Developer/Projects/mini_project/output/S15_15b03Wb_1.wav,0,24160,S15,2
S15_15b03Wb_2,1.51,/Users/adityakumar/Developer/Projects/mini_project/output/S15_15b03Wb_2.wav,0,24160,S15,2
S15_15b09Ac_1,1.21,/Users/adityakumar/Developer/Projects/mini_project/output/S15_15b09Ac_1.wav,0,19360,S15,3
S15_15b09Ac_2,1.21,/Users/adityakumar/Developer/Projects/mini_project/output/S15_15b09Ac_2.wav,0,19360,S15,3
S15_15b09Fa_1,1.23,/Users/adityakumar/Developer/Projects/mini_project/output/S15_15b09Fa_1.wav,0,19680,S15,0
S15_15b09Fa_2,1.23,/Users/adityakumar/Developer/Projects/mini_project/output/S15_15b09Fa_2.wav,0,19680,S15,0
S15_15b09La_1,1.61,/Users/adityakumar/Developer/Projects/mini_project/output/S15_15b09La_1.wav,0,25760,S15,4
S15_15b09La_2,1.61,/Users/adityakumar/Developer/Projects/mini_project/output/S15_15b09La_2.wav,0,25760,S15,4
S15_15b09Nb_1,1.23,/Users/adityakumar/Developer/Projects/mini_project/output/S15_15b09Nb_1.wav,0,19680,S15,1
S15_15b09Nb_2,1.23,/Users/adityakumar/Developer/Projects/mini_project/output/S15_15b09Nb_2.wav,0,19680,S15,1
S15_15b09Ta_1,1.34,/Users/adityakumar/Developer/Projects/mini_project/output/S15_15b09Ta_1.wav,0,21440,S15,6
S15_15b09Ta_2,1.34,/Users/adityakumar/Developer/Projects/mini_project/output/S15_15b09Ta_2.wav,0,21440,S15,6
S15_15b09Ta_3,1.34,/Users/adityakumar/Developer/Projects/mini_project/output/S15_15b09Ta_3.wav,0,21440,S15,6
S15_15b09Wb_1,1.33,/Users/adityakumar/Developer/Projects/mini_project/output/S15_15b09Wb_1.wav,0,21280,S15,2
S15_15b09Wb_2,1.33,/Users/adityakumar/Developer/Projects/mini_project/output/S15_15b09Wb_2.wav,0,21280,S15,2
S15_15b10Ac_1,1.01,/Users/adityakumar/Developer/Projects/mini_project/output/S15_15b10Ac_1.wav,0,16160,S15,3
S15_15b10Ac_2,1.01,/Users/adityakumar/Developer/Projects/mini_project/output/S15_15b10Ac_2.wav,0,16160,S15,3
S15_15b10Lc_1,1.23,/Users/adityakumar/Developer/Projects/mini_project/output/S15_15b10Lc_1.wav,0,19680,S15,4
S15_15b10Lc_2,1.23,/Users/adityakumar/Developer/Projects/mini_project/output/S15_15b10Lc_2.wav,0,19680,S15,4
S15_15b10Nb_1,1.11,/Users/adityakumar/Developer/Projects/mini_project/output/S15_15b10Nb_1.wav,0,17760,S15,1
S15_15b10Nb_2,1.11,/Users/adityakumar/Developer/Projects/mini_project/output/S15_15b10Nb_2.wav,0,17760,S15,1
S15_15b10Nc_1,1.1,/Users/adityakumar/Developer/Projects/mini_project/output/S15_15b10Nc_1.wav,0,17600,S15,1
S15_15b10Nc_2,1.1,/Users/adityakumar/Developer/Projects/mini_project/output/S15_15b10Nc_2.wav,0,17600,S15,1
S15_15b10Wa_1,1.32,/Users/adityakumar/Developer/Projects/mini_project/output/S15_15b10Wa_1.wav,0,21120,S15,2
S15_15b10Wa_2,1.32,/Users/adityakumar/Developer/Projects/mini_project/output/S15_15b10Wa_2.wav,0,21120,S15,2
S16_16a01Ec_1,1.22,/Users/adityakumar/Developer/Projects/mini_project/output/S16_16a01Ec_1.wav,0,19520,S16,5
S16_16a01Ec_2,1.22,/Users/adityakumar/Developer/Projects/mini_project/output/S16_16a01Ec_2.wav,0,19520,S16,5
S16_16a01Fc_1,1.05,/Users/adityakumar/Developer/Projects/mini_project/output/S16_16a01Fc_1.wav,0,16800,S16,0
S16_16a01Fc_2,1.05,/Users/adityakumar/Developer/Projects/mini_project/output/S16_16a01Fc_2.wav,0,16800,S16,0
S16_16a01Lb_1,1.02,/Users/adityakumar/Developer/Projects/mini_project/output/S16_16a01Lb_1.wav,0,16320,S16,4
S16_16a01Lb_2,1.02,/Users/adityakumar/Developer/Projects/mini_project/output/S16_16a01Lb_2.wav,0,16320,S16,4
S16_16a01Tb_1,1.3,/Users/adityakumar/Developer/Projects/mini_project/output/S16_16a01Tb_1.wav,0,20800,S16,6
S16_16a01Tb_2,1.3,/Users/adityakumar/Developer/Projects/mini_project/output/S16_16a01Tb_2.wav,0,20800,S16,6
S16_16a01Wb_1,1.1,/Users/adityakumar/Developer/Projects/mini_project/output/S16_16a01Wb_1.wav,0,17600,S16,2
S16_16a01Wb_2,1.1,/Users/adityakumar/Developer/Projects/mini_project/output/S16_16a01Wb_2.wav,0,17600,S16,2
S16_16a02Ea_1,1.47,/Users/adityakumar/Developer/Projects/mini_project/output/S16_16a02Ea_1.wav,0,23520,S16,5
S16_16a02Ea_2,1.47,/Users/adityakumar/Developer/Projects/mini_project/output/S16_16a02Ea_2.wav,0,23520,S16,5
S16_16a02Ec_1,1.24,/Users/adityakumar/Developer/Projects/mini_project/output/S16_16a02Ec_1.wav,0,19840,S16,5
S16_16a02Ec_2,1.24,/Users/adityakumar/Developer/Projects/mini_project/output/S16_16a02Ec_2.wav,0,19840,S16,5
S16_16a02Lb_1,1.04,/Users/adityakumar/Developer/Projects/mini_project/output/S16_16a02Lb_1.wav,0,16640,S16,4
S16_16a02Lb_2,1.04,/Users/adityakumar/Developer/Projects/mini_project/output/S16_16a02Lb_2.wav,0,16640,S16,4
S16_16a02Tc_1,1.1,/Users/adityakumar/Developer/Projects/mini_project/output/S16_16a02Tc_1.wav,0,17600,S16,6
S16_16a02Tc_2,1.1,/Users/adityakumar/Developer/Projects/mini_project/output/S16_16a02Tc_2.wav,0,17600,S16,6
S16_16a04Ea_1,1.32,/Users/adityakumar/Developer/Projects/mini_project/output/S16_16a04Ea_1.wav,0,21120,S16,5
S16_16a04Ea_2,1.32,/Users/adityakumar/Developer/Projects/mini_project/output/S16_16a04Ea_2.wav,0,21120,S16,5
S16_16a04Fa_1,1.02,/Users/adityakumar/Developer/Projects/mini_project/output/S16_16a04Fa_1.wav,0,16320,S16,0
S16_16a04Fa_2,1.02,/Users/adityakumar/Developer/Projects/mini_project/output/S16_16a04Fa_2.wav,0,16320,S16,0
S16_16a04La_1,1.01,/Users/adityakumar/Developer/Projects/mini_project/output/S16_16a04La_1.wav,0,16160,S16,4
S16_16a04La_2,1.01,/Users/adityakumar/Developer/Projects/mini_project/output/S16_16a04La_2.wav,0,16160,S16,4
S16_16a04Lc_1,1.33,/Users/adityakumar/Developer/Projects/mini_project/output/S16_16a04Lc_1.wav,0,21280,S16,4
S16_16a04Lc_2,1.33,/Users/adityakumar/Developer/Projects/mini_project/output/S16_16a04Lc_2.wav,0,21280,S16,4
S16_16a04Tc_1,1.58,/Users/adityakumar/Developer/Projects/mini_project/output/S16_16a04Tc_1.wav,0,25280,S16,6
S16_16a04Tc_2,1.58,/Users/adityakumar/Developer/Projects/mini_project/output/S16_16a04Tc_2.wav,0,25280,S16,6
S16_16a04Wb_1,1.28,/Users/adityakumar/Developer/Projects/mini_project/output/S16_16a04Wb_1.wav,0,20480,S16,2
S16_16a04Wb_2,1.28,/Users/adityakumar/Developer/Projects/mini_project/output/S16_16a04Wb_2.wav,0,20480,S16,2
S16_16a05Ab_1,1.45,/Users/adityakumar/Developer/Projects/mini_project/output/S16_16a05Ab_1.wav,0,23200,S16,3
S16_16a05Ab_2,1.45,/Users/adityakumar/Developer/Projects/mini_project/output/S16_16a05Ab_2.wav,0,23200,S16,3
S16_16a05Ea_1,1.83,/Users/adityakumar/Developer/Projects/mini_project/output/S16_16a05Ea_1.wav,0,29280,S16,5
S16_16a05Ea_2,1.83,/Users/adityakumar/Developer/Projects/mini_project/output/S16_16a05Ea_2.wav,0,29280,S16,5
S16_16a05Ea_3,1.83,/Users/adityakumar/Developer/Projects/mini_project/output/S16_16a05Ea_3.wav,0,29280,S16,5
S16_16a05Fc_1,1.81,/Users/adityakumar/Developer/Projects/mini_project/output/S16_16a05Fc_1.wav,0,28960,S16,0
S16_16a05Fc_2,1.81,/Users/adityakumar/Developer/Projects/mini_project/output/S16_16a05Fc_2.wav,0,28960,S16,0
S16_16a05La_1,1.35,/Users/adityakumar/Developer/Projects/mini_project/output/S16_16a05La_1.wav,0,21600,S16,4
S16_16a05La_2,1.35,/Users/adityakumar/Developer/Projects/mini_project/output/S16_16a05La_2.wav,0,21600,S16,4
S16_16a05La_3,1.35,/Users/adityakumar/Developer/Projects/mini_project/output/S16_16a05La_3.wav,0,21600,S16,4
S16_16a05Tb_1,1.7,/Users/adityakumar/Developer/Projects/mini_project/output/S16_16a05Tb_1.wav,0,27200,S16,6
S16_16a05Tb_2,1.7,/Users/adityakumar/Developer/Projects/mini_project/output/S16_16a05Tb_2.wav,0,27200,S16,6
S16_16a05Tb_3,1.7,/Users/adityakumar/Developer/Projects/mini_project/output/S16_16a05Tb_3.wav,0,27200,S16,6
S16_16a05Tb_4,1.7,/Users/adityakumar/Developer/Projects/mini_project/output/S16_16a05Tb_4.wav,0,27200,S16,6
S16_16a05Wb_1,1.87,/Users/adityakumar/Developer/Projects/mini_project/output/S16_16a05Wb_1.wav,0,29920,S16,2
S16_16a05Wb_2,1.87,/Users/adityakumar/Developer/Projects/mini_project/output/S16_16a05Wb_2.wav,0,29920,S16,2
S16_16a05Wc_1,1.9,/Users/adityakumar/Developer/Projects/mini_project/output/S16_16a05Wc_1.wav,0,30400,S16,2
S16_16a05Wc_2,1.9,/Users/adityakumar/Developer/Projects/mini_project/output/S16_16a05Wc_2.wav,0,30400,S16,2
S16_16a07Ea_1,1.5,/Users/adityakumar/Developer/Projects/mini_project/output/S16_16a07Ea_1.wav,0,24000,S16,5
S16_16a07Ea_2,1.5,/Users/adityakumar/Developer/Projects/mini_project/output/S16_16a07Ea_2.wav,0,24000,S16,5
S16_16a07Fa_1,1.19,/Users/adityakumar/Developer/Projects/mini_project/output/S16_16a07Fa_1.wav,0,19040,S16,0
S16_16a07Fa_2,1.19,/Users/adityakumar/Developer/Projects/mini_project/output/S16_16a07Fa_2.wav,0,19040,S16,0
S16_16a07Fb_1,1.21,/Users/adityakumar/Developer/Projects/mini_project/output/S16_16a07Fb_1.wav,0,19360,S16,0
S16_16a07Fb_2,1.21,/Users/adityakumar/Developer/Projects/mini_project/output/S16_16a07Fb_2.wav,0,19360,S16,0
S16_16a07La_1,1.04,/Users/adityakumar/Developer/Projects/mini_project/output/S16_16a07La_1.wav,0,16640,S16,4
S16_16a07La_2,1.04,/Users/adityakumar/Developer/Projects/mini_project/output/S16_16a07La_2.wav,0,16640,S16,4
S16_16a07Lb_1,1.08,/Users/adityakumar/Developer/Projects/mini_project/output/S16_16a07Lb_1.wav,0,17280,S16,4
S16_16a07Lb_2,1.08,/Users/adityakumar/Developer/Projects/mini_project/output/S16_16a07Lb_2.wav,0,17280,S16,4
S16_16a07Nb_1,1.0,/Users/adityakumar/Developer/Projects/mini_project/output/S16_16a07Nb_1.wav,0,16000,S16,1
S16_16a07Nb_2,1.0,/Users/adityakumar/Developer/Projects/mini_project/output/S16_16a07Nb_2.wav,0,16000,S16,1
S16_16a07Td_1,1.86,/Users/adityakumar/Developer/Projects/mini_project/output/S16_16a07Td_1.wav,0,29760,S16,6
S16_16a07Td_2,1.86,/Users/adityakumar/Developer/Projects/mini_project/output/S16_16a07Td_2.wav,0,29760,S16,6
S16_16a07Wa_1,1.19,/Users/adityakumar/Developer/Projects/mini_project/output/S16_16a07Wa_1.wav,0,19040,S16,2
S16_16a07Wa_2,1.19,/Users/adityakumar/Developer/Projects/mini_project/output/S16_16a07Wa_2.wav,0,19040,S16,2
S16_16b01Aa_1,1.04,/Users/adityakumar/Developer/Projects/mini_project/output/S16_16b01Aa_1.wav,0,16640,S16,3
S16_16b01Aa_2,1.04,/Users/adityakumar/Developer/Projects/mini_project/output/S16_16b01Aa_2.wav,0,16640,S16,3
S16_16b01Eb_1,1.71,/Users/adityakumar/Developer/Projects/mini_project/output/S16_16b01Eb_1.wav,0,27360,S16,5
S16_16b01Eb_2,1.71,/Users/adityakumar/Developer/Projects/mini_project/output/S16_16b01Eb_2.wav,0,27360,S16,5
S16_16b01Fa_1,1.32,/Users/adityakumar/Developer/Projects/mini_project/output/S16_16b01Fa_1.wav,0,21120,S16,0
S16_16b01Fa_2,1.32,/Users/adityakumar/Developer/Projects/mini_project/output/S16_16b01Fa_2.wav,0,21120,S16,0
S16_16b01La_1,1.47,/Users/adityakumar/Developer/Projects/mini_project/output/S16_16b01La_1.wav,0,23520,S16,4
S16_16b01La_2,1.47,/Users/adityakumar/Developer/Projects/mini_project/output/S16_16b01La_2.wav,0,23520,S16,4
S16_16b01Lc_1,1.23,/Users/adityakumar/Developer/Projects/mini_project/output/S16_16b01Lc_1.wav,0,19680,S16,4
S16_16b01Lc_2,1.23,/Users/adityakumar/Developer/Projects/mini_project/output/S16_16b01Lc_2.wav,0,19680,S16,4
S16_16b01Tb_1,1.46,/Users/adityakumar/Developer/Projects/mini_project/output/S16_16b01Tb_1.wav,0,23360,S16,6
S16_16b01Tb_2,1.46,/Users/adityakumar/Developer/Projects/mini_project/output/S16_16b01Tb_2.wav,0,23360,S16,6
S16_16b01Tb_3,1.46,/Users/adityakumar/Developer/Projects/mini_project/output/S16_16b01Tb_3.wav,0,23360,S16,6
S16_16b01Wa_1,1.3,/Users/adityakumar/Developer/Projects/mini_project/output/S16_16b01Wa_1.wav,0,20800,S16,2
S16_16b01Wa_2,1.3,/Users/adityakumar/Developer/Projects/mini_project/output/S16_16b01Wa_2.wav,0,20800,S16,2
S16_16b01Wb_1,1.33,/Users/adityakumar/Developer/Projects/mini_project/output/S16_16b01Wb_1.wav,0,21280,S16,2
S16_16b01Wb_2,1.33,/Users/adityakumar/Developer/Projects/mini_project/output/S16_16b01Wb_2.wav,0,21280,S16,2
S16_16b02Aa_1,1.5,/Users/adityakumar/Developer/Projects/mini_project/output/S16_16b02Aa_1.wav,0,24000,S16,3
S16_16b02Aa_2,1.5,/Users/adityakumar/Developer/Projects/mini_project/output/S16_16b02Aa_2.wav,0,24000,S16,3
S16_16b02Eb_1,1.4,/Users/adityakumar/Developer/Projects/mini_project/output/S16_16b02Eb_1.wav,0,22400,S16,5
S16_16b02Eb_2,1.4,/Users/adityakumar/Developer/Projects/mini_project/output/S16_16b02Eb_2.wav,0,22400,S16,5
S16_16b02Eb_3,1.4,/Users/adityakumar/Developer/Projects/mini_project/output/S16_16b02Eb_3.wav,0,22400,S16,5
S16_16b02Fd_1,1.77,/Users/adityakumar/Developer/Projects/mini_project/output/S16_16b02Fd_1.wav,0,28320,S16,0
S16_16b02Fd_2,1.77,/Users/adityakumar/Developer/Projects/mini_project/output/S16_16b02Fd_2.wav,0,28320,S16,0
S16_16b02Lb_1,1.7,/Users/adityakumar/Developer/Projects/mini_project/output/S16_16b02Lb_1.wav,0,27200,S16,4
S16_16b02Lb_2,1.7,/Users/adityakumar/Developer/Projects/mini_project/output/S16_16b02Lb_2.wav,0,27200,S16,4
S16_16b02Wb_1,1.59,/Users/adityakumar/Developer/Projects/mini_project/output/S16_16b02Wb_1.wav,0,25440,S16,2
S16_16b02Wb_2,1.59,/Users/adityakumar/Developer/Projects/mini_project/output/S16_16b02Wb_2.wav,0,25440,S16,2
S16_16b03Ad_1,1.61,/Users/adityakumar/Developer/Projects/mini_project/output/S16_16b03Ad_1.wav,0,25760,S16,3
S16_16b03Ad_2,1.61,/Users/adityakumar/Developer/Projects/mini_project/output/S16_16b03Ad_2.wav,0,25760,S16,3
S16_16b03Ea_1,1.99,/Users/adityakumar/Developer/Projects/mini_project/output/S16_16b03Ea_1.wav,0,31840,S16,5
S16_16b03Ea_2,1.99,/Users/adityakumar/Developer/Projects/mini_project/output/S16_16b03Ea_2.wav,0,31840,S16,5
S16_16b03Ea_3,1.99,/Users/adityakumar/Developer/Projects/mini_project/output/S16_16b03Ea_3.wav,0,31840,S16,5
S16_16b03Fa_1,1.93,/Users/adityakumar/Developer/Projects/mini_project/output/S16_16b03Fa_1.wav,0,30880,S16,0
S16_16b03Fa_2,1.93,/Users/adityakumar/Developer/Projects/mini_project/output/S16_16b03Fa_2.wav,0,30880,S16,0
S16_16b03Fd_1,1.83,/Users/adityakumar/Developer/Projects/mini_project/output/S16_16b03Fd_1.wav,0,29280,S16,0
S16_16b03Fd_2,1.83,/Users/adityakumar/Developer/Projects/mini_project/output/S16_16b03Fd_2.wav,0,29280,S16,0
S16_16b03La_1,1.35,/Users/adityakumar/Developer/Projects/mini_project/output/S16_16b03La_1.wav,0,21600,S16,4
S16_16b03La_2,1.35,/Users/adityakumar/Developer/Projects/mini_project/output/S16_16b03La_2.wav,0,21600,S16,4
S16_16b03La_3,1.35,/Users/adityakumar/Developer/Projects/mini_project/output/S16_16b03La_3.wav,0,21600,S16,4
S16_16b03Nb_1,1.95,/Users/adityakumar/Developer/Projects/mini_project/output/S16_16b03Nb_1.wav,0,31200,S16,1
S16_16b03Nb_2,1.95,/Users/adityakumar/Developer/Projects/mini_project/output/S16_16b03Nb_2.wav,0,31200,S16,1
S16_16b03Ta_1,1.99,/Users/adityakumar/Developer/Projects/mini_project/output/S16_16b03Ta_1.wav,0,31840,S16,6
S16_16b03Ta_2,1.99,/Users/adityakumar/Developer/Projects/mini_project/output/S16_16b03Ta_2.wav,0,31840,S16,6
S16_16b03Ta_3,1.99,/Users/adityakumar/Developer/Projects/mini_project/output/S16_16b03Ta_3.wav,0,31840,S16,6
S16_16b03Wb_1,1.96,/Users/adityakumar/Developer/Projects/mini_project/output/S16_16b03Wb_1.wav,0,31360,S16,2
S16_16b03Wb_2,1.96,/Users/adityakumar/Developer/Projects/mini_project/output/S16_16b03Wb_2.wav,0,31360,S16,2
S16_16b09Ab_1,1.03,/Users/adityakumar/Developer/Projects/mini_project/output/S16_16b09Ab_1.wav,0,16480,S16,3
S16_16b09Ab_2,1.03,/Users/adityakumar/Developer/Projects/mini_project/output/S16_16b09Ab_2.wav,0,16480,S16,3
S16_16b09Eb_1,1.68,/Users/adityakumar/Developer/Projects/mini_project/output/S16_16b09Eb_1.wav,0,26880,S16,5
S16_16b09Eb_2,1.68,/Users/adityakumar/Developer/Projects/mini_project/output/S16_16b09Eb_2.wav,0,26880,S16,5
S16_16b09Eb_3,1.68,/Users/adityakumar/Developer/Projects/mini_project/output/S16_16b09Eb_3.wav,0,26880,S16,5
S16_16b09Fb_1,1.75,/Users/adityakumar/Developer/Projects/mini_project/output/S16_16b09Fb_1.wav,0,28000,S16,0
S16_16b09Fb_2,1.75,/Users/adityakumar/Developer/Projects/mini_project/output/S16_16b09Fb_2.wav,0,28000,S16,0
S16_16b09La_1,1.53,/Users/adityakumar/Developer/Projects/mini_project/output/S16_16b09La_1.wav,0,24480,S16,4
S16_16b09La_2,1.53,/Users/adityakumar/Developer/Projects/mini_project/output/S16_16b09La_2.wav,0,24480,S16,4
S16_16b09Lb_1,1.59,/Users/adityakumar/Developer/Projects/mini_project/output/S16_16b09Lb_1.wav,0,25440,S16,4
S16_16b09Lb_2,1.59,/Users/adityakumar/Developer/Projects/mini_project/output/S16_16b09Lb_2.wav,0,25440,S16,4
S16_16b09Wb_1,1.84,/Users/adityakumar/Developer/Projects/mini_project/output/S16_16b09Wb_1.wav,0,29440,S16,2
S16_16b09Wb_2,1.84,/Users/adityakumar/Developer/Projects/mini_project/output/S16_16b09Wb_2.wav,0,29440,S16,2
S16_16b10Aa_1,1.29,/Users/adityakumar/Developer/Projects/mini_project/output/S16_16b10Aa_1.wav,0,20640,S16,3
S16_16b10Aa_2,1.29,/Users/adityakumar/Developer/Projects/mini_project/output/S16_16b10Aa_2.wav,0,20640,S16,3
S16_16b10Eb_1,1.61,/Users/adityakumar/Developer/Projects/mini_project/output/S16_16b10Eb_1.wav,0,25760,S16,5
S16_16b10Eb_2,1.61,/Users/adityakumar/Developer/Projects/mini_project/output/S16_16b10Eb_2.wav,0,25760,S16,5
S16_16b10Fb_1,1.29,/Users/adityakumar/Developer/Projects/mini_project/output/S16_16b10Fb_1.wav,0,20640,S16,0
S16_16b10Fb_2,1.29,/Users/adityakumar/Developer/Projects/mini_project/output/S16_16b10Fb_2.wav,0,20640,S16,0
S16_16b10Lb_1,1.72,/Users/adityakumar/Developer/Projects/mini_project/output/S16_16b10Lb_1.wav,0,27520,S16,4
S16_16b10Lb_2,1.72,/Users/adityakumar/Developer/Projects/mini_project/output/S16_16b10Lb_2.wav,0,27520,S16,4
S16_16b10Tb_1,1.75,/Users/adityakumar/Developer/Projects/mini_project/output/S16_16b10Tb_1.wav,0,28000,S16,6
S16_16b10Tb_2,1.75,/Users/adityakumar/Developer/Projects/mini_project/output/S16_16b10Tb_2.wav,0,28000,S16,6
S16_16b10Td_1,1.97,/Users/adityakumar/Developer/Projects/mini_project/output/S16_16b10Td_1.wav,0,31520,S16,6
S16_16b10Td_2,1.97,/Users/adityakumar/Developer/Projects/mini_project/output/S16_16b10Td_2.wav,0,31520,S16,6
S16_16b10Wa_1,1.21,/Users/adityakumar/Developer/Projects/mini_project/output/S16_16b10Wa_1.wav,0,19360,S16,2
S16_16b10Wa_2,1.21,/Users/adityakumar/Developer/Projects/mini_project/output/S16_16b10Wa_2.wav,0,19360,S16,2
S16_16b10Wb_1,1.26,/Users/adityakumar/Developer/Projects/mini_project/output/S16_16b10Wb_1.wav,0,20160,S16,2
S16_16b10Wb_2,1.26,/Users/adityakumar/Developer/Projects/mini_project/output/S16_16b10Wb_2.wav,0,20160,S16,2
